1,5,00:01:17,00:01:13
1,6,00:02:37,00:02:10
1,7,00:02:21,00:02:22
1,8,00:03:42,00:02:40
1,9,00:03:32,00:03:19
1,10,00:03:58,00:03:53
1,11,00:02:16,00:01:28
1,12,00:03:03,00:01:36
1,13,00:02:59,00:02:11
1,14,00:03:23,00:03:05
1,15,00:03:51,00:03:47
1,16,00:02:54,00:01:52
1,17,00:04:26,00:03:44
1,18,00:06:23,00:05:41
1,19,00:03:31,00:03:32
1,20,00:04:45,00:03:35
1,21,00:06:00,00:00:50
1,22,00:03:21,00:03:08
1,23,00:03:34,00:02:35
10,0,00:04:24,00:00:51
10,1,00:00:00,00:00:-28
10,5,00:02:21,00:-1:-38
10,6,00:02:14,00:00:-26
10,7,00:02:09,00:00:-12
10,8,00:04:04,00:02:58
10,9,00:02:46,00:01:06
10,10,00:01:50,00:00:21
10,11,00:02:59,00:01:54
10,12,00:02:15,00:01:25
10,13,00:03:51,00:02:38
10,14,00:02:53,00:02:25
10,15,00:02:29,00:01:42
10,16,00:03:52,00:01:10
10,17,00:02:48,00:01:46
10,18,00:04:35,00:03:18
10,19,00:02:36,00:01:31
10,20,00:02:43,00:01:37
10,21,00:02:24,00:01:55
10,22,00:04:22,00:04:34
10,23,00:05:21,00:02:24
101,5,00:01:36,00:00:-22
101,6,00:02:41,00:02:10
101,7,00:04:02,00:01:15
101,8,00:07:10,00:05:44
101,9,00:12:05,00:03:18
101,10,00:02:06,00:01:53
101,11,00:03:41,00:03:22
101,12,00:04:49,00:05:21
101,13,00:02:57,00:02:00
101,14,00:03:23,00:03:48
101,15,00:04:49,00:02:36
101,16,00:05:13,00:04:42
101,17,00:05:39,00:04:53
101,18,00:03:43,00:03:37
101,19,00:08:24,00:05:36
101,20,00:06:53,00:04:19
101,21,00:02:41,00:02:53
101,22,00:03:00,00:04:07
101,23,00:00:30,00:02:21
102,4,00:00:00,00:00:00
102,5,00:00:44,00:00:13
102,6,00:02:12,00:00:39
102,7,00:03:02,00:03:08
102,8,00:00:57,00:17:16
102,15,00:00:22,00:01:45
102,16,00:03:20,00:07:00
102,17,00:05:40,00:10:34
102,18,00:04:33,00:03:54
102,19,00:00:06,00:20:14
105,4,00:00:57,00:01:12
105,5,00:00:44,00:00:24
105,6,00:04:02,00:03:47
105,7,00:02:05,00:01:20
105,8,00:02:15,00:02:31
105,9,00:02:31,00:03:05
105,10,00:01:57,00:02:38
105,11,00:02:18,00:03:38
105,12,00:01:25,00:01:31
105,13,00:03:33,00:04:13
105,14,00:04:37,00:03:49
105,15,00:04:13,00:03:03
105,16,00:04:16,00:03:04
105,17,00:02:56,00:01:32
105,18,00:02:19,00:01:58
105,19,00:02:37,00:03:35
105,20,00:02:40,00:02:17
105,21,00:01:55,00:01:04
105,22,00:01:21,00:01:37
105,23,00:01:00,00:00:28
106,0,00:01:21,00:00:04
106,1,00:04:39,00:-1:-53
106,2,00:02:47,00:-5:-19
106,5,00:03:15,00:01:59
106,6,00:02:13,00:02:51
106,7,00:03:50,00:02:43
106,8,00:03:00,00:02:38
106,9,00:03:59,00:03:12
106,10,00:04:10,00:01:57
106,11,00:03:16,00:03:03
106,12,00:03:14,00:03:17
106,13,00:04:20,00:03:37
106,14,00:03:29,00:02:12
106,15,00:03:35,00:02:51
106,16,00:04:39,00:03:56
106,17,00:06:17,00:05:34
106,18,00:06:26,00:04:25
106,19,00:04:16,00:03:34
106,20,00:08:40,00:05:21
106,21,00:04:50,00:03:24
106,22,00:06:38,00:03:22
106,23,00:01:42,00:01:42
107,0,00:00:28,00:02:49
107,5,00:00:52,00:00:-8
107,6,00:02:12,00:01:06
107,7,00:03:20,00:02:05
107,8,00:06:42,00:04:07
107,9,00:03:04,00:00:15
107,10,00:03:36,00:02:42
107,11,00:03:11,00:02:09
107,12,00:04:42,00:03:55
107,13,00:05:57,00:04:03
107,14,00:08:40,00:06:23
107,15,00:09:07,00:07:13
107,16,00:05:26,00:02:34
107,17,00:03:29,00:03:51
107,18,00:07:12,00:06:22
107,19,00:06:40,00:05:11
107,20,00:01:59,00:02:36
107,21,00:14:58,00:07:33
107,22,00:05:03,00:02:18
107,23,00:03:17,00:01:56
11,0,00:04:12,00:04:45
11,1,00:02:05,00:00:41
11,2,00:00:11,00:02:12
11,4,00:00:27,00:00:26
11,5,00:03:50,00:02:14
11,6,00:03:41,00:02:11
11,7,00:04:29,00:02:44
11,8,00:04:52,00:04:39
11,9,00:05:59,00:04:42
11,10,00:04:11,00:03:38
11,11,00:08:12,00:04:42
11,12,00:08:02,00:05:59
11,13,00:11:55,00:10:52
11,14,00:03:38,00:03:08
11,15,00:08:26,00:07:07
11,16,00:06:29,00:06:42
11,17,00:05:25,00:06:51
11,18,00:06:20,00:05:47
11,19,00:05:13,00:05:20
11,20,00:04:45,00:05:04
11,21,00:10:24,00:08:20
11,22,00:03:38,00:03:10
11,23,00:03:52,00:03:37
111,5,00:01:15,00:-1:-13
111,6,00:01:41,00:01:04
111,7,00:02:20,00:02:16
111,8,00:02:55,00:09:23
111,15,00:01:17,00:02:29
111,16,00:02:57,00:06:03
111,17,00:05:43,00:07:18
111,18,00:06:43,00:05:37
111,19,00:00:09,00:06:38
113,6,00:01:11,00:02:40
113,7,00:01:10,00:02:24
113,8,00:00:14,00:02:59
113,16,00:03:20,00:-2:-36
113,17,00:03:45,00:01:22
113,18,00:00:00,00:13:18
114,5,00:00:15,00:01:26
114,6,00:02:59,00:02:00
114,7,00:03:20,00:02:30
114,8,00:00:24,00:07:50
114,16,00:03:07,00:02:50
114,17,00:08:51,00:03:06
114,18,00:10:02,00:10:05
116E,5,00:01:49,00:03:01
116E,6,00:01:58,00:06:57
116E,7,00:05:05,00:03:31
116E,8,00:09:29,00:13:06
116E,15,00:02:52,00:00:16
116E,16,00:03:41,00:00:-38
116E,17,00:00:00,00:-1:-34
116E,18,00:00:00,00:00:-23
118,4,00:00:57,00:02:42
118,5,00:03:43,00:00:29
118,6,00:17:04,00:10:50
118,7,00:02:05,00:00:-4
118,8,00:00:19,00:03:57
118,9,00:01:33,00:00:49
118,10,00:00:38,00:00:30
118,11,00:01:15,00:00:43
118,12,00:00:22,00:00:39
118,13,00:01:04,00:01:07
118,14,00:06:00,00:03:09
118,15,00:02:54,00:01:21
118,16,00:03:12,00:01:46
118,17,00:01:35,00:01:25
118,18,00:01:12,00:00:-56
118,19,00:04:01,00:02:59
118,20,00:07:51,00:04:47
118,21,00:01:03,00:00:52
118E,6,00:00:45,00:00:27
118E,7,00:05:11,00:02:20
118E,8,00:00:52,00:00:09
118E,9,00:00:25,00:02:21
118E,10,00:00:00,00:00:39
118E,14,00:02:38,00:02:54
118E,15,00:00:53,00:-1:-55
118E,16,00:00:50,00:-1:-26
118E,17,00:14:38,00:06:45
118E,18,00:00:45,00:22:32
119,4,00:00:00,00:-2:-21
119,5,00:04:48,00:04:55
119,6,00:13:48,00:15:41
119,7,00:00:30,00:00:08
119,8,00:04:43,00:01:22
119,9,00:00:12,00:00:57
119,12,00:06:37,00:18:52
119,13,00:01:15,00:00:21
119,15,00:03:03,00:03:33
119,16,00:00:48,00:01:41
119,17,00:07:17,00:04:37
119,18,00:02:17,00:01:37
119,19,00:03:52,00:01:12
119,20,,00:18:19
119E,5,00:04:52,00:09:01
119E,6,00:04:35,00:03:40
119E,7,00:08:27,00:15:02
119E,16,00:00:00,00:-15:-12
119E,17,00:14:00,00:18:53
119E,18,00:10:13,00:24:06
12,5,00:01:00,00:-6:-29
12,6,00:02:24,00:00:14
12,7,00:01:43,00:00:54
12,8,00:03:01,00:02:40
12,9,00:03:27,00:01:48
12,10,00:04:25,00:01:05
12,11,00:02:19,00:00:26
12,12,00:02:59,00:02:02
12,13,00:03:31,00:02:13
12,14,00:02:59,00:00:57
12,15,00:02:39,00:00:17
12,16,00:03:43,00:00:40
12,17,00:02:03,00:01:09
12,18,00:02:22,00:01:05
12,19,00:03:45,00:02:48
12,20,00:02:31,00:02:14
12,21,00:02:54,00:02:03
12,22,00:02:19,00:01:55
12,23,00:02:20,00:01:01
120,0,00:02:58,00:01:35
120,1,00:02:46,00:00:42
120,2,00:04:39,00:02:11
120,5,00:02:17,00:00:57
120,6,00:05:43,00:02:07
120,7,00:07:34,00:02:16
120,8,00:03:46,00:02:00
120,9,00:03:09,00:01:07
120,10,00:02:01,00:01:37
120,11,00:03:48,00:02:32
120,12,00:03:46,00:01:43
120,13,00:05:32,00:03:26
120,14,00:07:09,00:03:55
120,15,00:06:19,00:03:03
120,16,00:05:53,00:02:00
120,17,00:05:50,00:02:45
120,18,00:05:19,00:03:28
120,19,00:02:17,00:01:15
120,20,00:06:04,00:03:49
120,21,00:03:18,00:03:27
120,22,00:04:23,00:02:28
120,23,00:06:06,00:03:36
121,4,00:00:00,00:00:31
121,5,00:01:49,00:00:53
121,6,00:01:34,00:02:09
121,7,00:05:02,00:04:53
121,8,00:02:10,00:01:13
121,9,00:00:00,00:04:42
121,14,00:01:45,00:-1:-14
121,15,00:05:49,00:01:07
121,16,00:06:12,00:01:02
121,17,00:05:47,00:02:15
121,18,00:09:04,00:09:55
121,19,00:11:36,00:09:39
122,6,00:01:07,00:01:42
122,7,00:04:17,00:03:31
122,8,00:02:17,00:01:57
122,9,00:00:12,00:00:-29
122,14,00:02:14,00:03:24
122,15,00:01:21,00:03:26
122,16,00:03:50,00:00:-35
122,17,00:03:32,00:02:57
122,18,00:08:22,00:11:36
122,19,00:04:10,00:03:08
123,5,00:00:08,00:00:09
123,6,00:00:48,00:00:-21
123,7,00:02:49,00:03:10
123,8,00:00:11,00:-1:-29
123,15,00:04:14,00:-1:-41
123,16,00:05:36,00:-2:-38
123,17,00:00:02,00:05:16
123,18,00:04:50,00:17:00
124,0,00:02:29,00:02:21
124,1,00:02:48,00:03:05
124,2,00:00:52,00:01:30
124,3,00:01:43,00:00:36
124,4,00:03:34,00:02:26
124,5,00:01:54,00:03:03
124,6,00:04:26,00:03:59
124,7,00:05:10,00:04:31
124,8,00:06:32,00:06:38
124,9,00:03:51,00:03:46
124,10,00:08:33,00:06:16
124,11,00:06:40,00:06:38
124,12,00:05:48,00:05:59
124,13,00:05:34,00:04:34
124,14,00:07:41,00:08:07
124,15,00:07:02,00:05:33
124,16,00:07:27,00:06:12
124,17,00:04:06,00:06:44
124,18,00:06:27,00:06:27
124,19,00:05:03,00:06:21
124,20,00:03:32,00:04:49
124,21,00:04:47,00:05:29
124,22,00:04:52,00:05:16
124,23,00:03:45,00:03:06
125,5,00:00:32,00:00:11
125,6,00:00:46,00:00:29
125,7,00:01:46,00:01:09
125,8,00:02:53,00:02:33
125,9,00:02:57,00:04:04
125,10,00:03:20,00:04:20
125,11,00:01:49,00:03:50
125,12,00:02:08,00:01:55
125,13,00:02:06,00:00:-16
125,14,00:03:17,00:02:36
125,15,00:02:12,00:01:33
125,16,00:03:40,00:03:04
125,17,00:04:53,00:04:45
125,18,00:04:10,00:02:35
125,19,00:03:33,00:02:13
125,20,00:02:13,00:01:02
125,21,00:03:11,00:02:36
125,22,00:02:06,00:00:-49
128,0,00:01:54,00:-1:-56
128,1,00:01:02,00:00:19
128,5,00:00:41,00:00:05
128,6,00:04:38,00:01:46
128,7,00:03:33,00:00:57
128,8,00:03:22,00:01:16
128,9,00:04:14,00:02:20
128,10,00:03:27,00:01:01
128,11,00:03:45,00:01:57
128,12,00:03:39,00:02:41
128,13,00:03:10,00:02:05
128,14,00:03:11,00:02:33
128,15,00:03:57,00:03:54
128,16,00:03:39,00:02:46
128,17,00:02:42,00:01:49
128,18,00:03:22,00:02:07
128,19,00:03:38,00:02:56
128,20,00:03:25,00:02:39
128,21,00:04:15,00:02:38
128,22,00:04:01,00:02:47
128,23,00:01:39,00:00:32
13,0,00:00:00,00:02:48
13,5,00:00:44,00:-3:-55
13,6,00:02:40,00:01:45
13,7,00:02:25,00:01:30
13,8,00:03:34,00:02:16
13,9,00:02:59,00:01:51
13,10,00:03:12,00:02:56
13,11,00:02:30,00:02:04
13,12,00:02:18,00:01:33
13,13,00:03:04,00:01:45
13,14,00:03:47,00:01:15
13,15,00:03:05,00:01:59
13,16,00:02:46,00:02:03
13,17,00:02:26,00:01:09
13,18,00:05:09,00:03:31
13,19,00:03:27,00:02:02
13,20,00:03:17,00:02:04
13,21,00:02:51,00:01:34
13,22,00:05:01,00:03:14
13,23,00:02:46,00:01:17
131,0,00:00:53,00:00:40
131,5,00:01:08,00:00:17
131,6,00:01:38,00:02:39
131,7,00:02:24,00:04:23
131,8,00:06:31,00:07:03
131,9,00:06:26,00:03:49
131,10,00:05:07,00:02:23
131,11,00:05:15,00:03:25
131,12,00:04:18,00:03:25
131,13,00:05:13,00:04:30
131,14,00:03:37,00:03:39
131,15,00:03:11,00:02:26
131,16,00:04:38,00:05:12
131,17,00:06:36,00:05:31
131,18,00:06:00,00:06:19
131,19,00:04:42,00:04:47
131,20,00:05:13,00:05:43
131,21,00:04:47,00:06:00
131,22,00:03:32,00:05:19
131,23,00:03:28,00:01:30
132,0,00:01:44,00:00:21
132,1,00:02:01,00:00:-30
132,4,00:00:59,00:03:29
132,5,00:01:22,00:02:33
132,6,00:03:14,00:02:30
132,7,00:07:02,00:01:15
132,8,00:05:24,00:04:25
132,9,00:04:34,00:04:57
132,10,00:05:38,00:05:19
132,11,00:06:55,00:04:55
132,12,00:05:02,00:03:22
132,13,00:07:07,00:03:59
132,14,00:03:35,00:02:14
132,15,00:03:14,00:02:39
132,16,00:04:52,00:03:52
132,17,00:07:15,00:05:54
132,18,00:06:48,00:04:44
132,19,00:05:59,00:05:36
132,20,00:04:30,00:03:45
132,21,00:05:45,00:05:37
132,22,00:05:58,00:04:31
132,23,00:04:45,00:04:21
14,0,00:03:25,00:00:15
14,1,00:00:17,00:05:36
14,5,00:00:26,00:00:12
14,6,00:02:59,00:01:26
14,7,00:03:09,00:02:18
14,8,00:03:38,00:01:52
14,9,00:03:50,00:02:17
14,10,00:03:33,00:03:40
14,11,00:02:50,00:01:49
14,12,00:04:02,00:02:13
14,13,00:03:26,00:02:34
14,14,00:04:15,00:03:18
14,15,00:03:36,00:03:11
14,16,00:03:28,00:02:42
14,17,00:03:55,00:03:35
14,18,00:05:44,00:04:10
14,19,00:04:30,00:04:50
14,20,00:04:14,00:02:37
14,21,00:05:42,00:04:29
14,22,00:04:12,00:03:54
14,23,00:02:29,00:02:51
143,18,00:00:10,00:00:-5
143E,5,00:00:44,00:00:34
143E,6,00:01:43,00:02:41
143E,7,00:06:06,00:07:34
143E,15,00:00:00,00:00:00
143E,16,00:02:59,00:09:54
143E,17,00:03:43,00:10:30
143E,18,00:06:58,00:11:14
148,5,00:00:33,00:00:11
148,6,00:01:17,00:00:50
148,7,00:02:48,00:02:14
148,8,00:02:04,00:01:08
148,9,00:05:33,00:02:33
148,10,00:01:53,00:00:50
148,11,00:01:45,00:02:05
148,12,00:01:47,00:01:13
148,13,00:02:29,00:01:40
148,14,00:02:21,00:02:12
148,15,00:03:22,00:01:54
148,16,00:01:47,00:01:53
148,17,00:03:28,00:01:15
148,18,00:11:28,00:07:57
148,19,00:04:30,00:03:19
148,20,00:02:09,00:02:21
148,21,00:01:30,00:01:30
150,0,00:03:51,00:00:-17
150,1,00:01:37,00:00:39
150,2,00:04:15,00:-1:-10
150,5,00:01:49,00:01:39
150,6,00:02:28,00:01:54
150,7,00:06:17,00:03:39
150,8,00:05:15,00:03:52
150,9,00:06:32,00:04:51
150,10,00:03:27,00:01:32
150,11,00:05:25,00:03:58
150,12,00:04:40,00:03:55
150,13,00:05:47,00:04:34
150,14,00:05:29,00:04:43
150,15,00:06:00,00:03:48
150,16,00:06:28,00:05:38
150,17,00:06:22,00:05:40
150,18,00:04:17,00:03:03
150,19,00:05:57,00:03:47
150,20,00:06:45,00:05:00
150,21,00:12:13,00:02:55
150,22,00:06:48,00:07:29
150,23,00:02:44,00:01:58
153,5,00:00:29,00:00:-28
153,6,00:01:39,00:01:27
153,7,00:00:55,00:00:01
153,8,00:03:01,00:05:04
153,14,00:00:41,00:00:22
153,15,00:04:18,00:01:38
153,16,00:04:23,00:03:11
153,17,00:05:29,00:04:16
153,18,00:01:37,00:01:03
154,5,00:00:12,00:00:14
154,6,00:01:19,00:01:01
154,7,00:00:46,00:03:29
154,14,00:00:25,00:00:-31
154,15,00:01:25,00:00:46
154,16,00:03:07,00:01:48
156,5,00:01:23,00:00:56
156,6,00:02:02,00:00:00
156,7,00:01:15,00:00:50
156,8,00:01:45,00:00:06
156,9,00:01:31,00:00:15
156,10,00:01:28,00:00:19
156,11,00:02:16,00:01:07
156,12,00:01:29,00:01:03
156,13,00:01:35,00:00:40
156,14,00:01:57,00:00:43
156,15,00:02:30,00:01:39
156,16,00:02:45,00:02:17
156,17,00:02:42,00:02:25
156,18,00:02:34,00:01:54
156,19,00:03:06,00:00:40
156,20,00:04:19,00:01:40
156,21,00:01:46,00:01:01
156,22,00:00:58,00:00:21
156,23,00:00:00,00:-3:-55
157,5,00:00:45,00:00:23
157,6,00:02:53,00:02:25
157,7,00:04:11,00:05:28
157,8,00:00:18,00:05:43
157,16,00:03:48,00:00:47
157,17,00:07:23,00:13:23
157,18,00:01:09,00:19:05
158,5,00:02:49,00:02:11
158,6,00:03:38,00:03:49
158,7,00:04:06,00:01:57
158,8,00:00:00,00:00:-23
158,15,00:00:31,00:00:04
158,16,00:07:50,00:10:58
158,17,00:06:02,00:07:32
158,18,00:09:19,00:07:04
158,19,00:09:57,00:01:47
159,5,00:00:54,00:00:-24
159,6,00:01:37,00:02:05
159,7,00:04:12,00:05:16
159,8,00:00:09,00:05:30
159,16,00:01:53,00:07:57
159,17,00:06:48,00:10:58
159,18,00:17:39,00:11:08
159,19,00:00:25,00:06:22
15E,7,00:01:54,00:02:06
15E,8,00:01:13,00:01:29
15E,16,00:02:15,00:03:05
15E,17,00:02:08,00:01:04
15E,18,00:07:56,00:08:53
16,0,00:05:47,00:04:05
16,1,00:03:22,00:01:03
16,2,00:00:00,00:06:20
16,4,00:00:00,00:00:00
16,5,00:04:34,00:02:57
16,6,00:06:55,00:02:51
16,7,00:06:25,00:03:35
16,8,00:09:04,00:06:55
16,9,00:08:28,00:07:06
16,10,00:11:09,00:09:00
16,11,00:10:52,00:05:17
16,12,00:04:23,00:04:19
16,13,00:05:58,00:05:04
16,14,00:09:54,00:06:13
16,15,00:05:46,00:04:58
16,16,00:04:59,00:04:43
16,17,00:06:41,00:06:32
16,18,00:15:13,00:07:51
16,19,00:08:12,00:05:47
16,20,00:08:01,00:06:01
16,21,00:07:18,00:06:55
16,22,00:09:22,00:07:59
16,23,00:04:52,00:05:18
164,6,00:01:58,00:01:04
164,7,00:02:13,00:00:46
164,8,00:03:26,00:00:00
164,9,00:01:17,00:00:56
164,10,00:01:30,00:01:28
164,11,00:01:00,00:01:03
164,12,00:02:12,00:01:22
164,13,00:02:03,00:01:44
164,14,00:03:34,00:00:39
164,15,00:02:02,00:00:22
164,16,00:01:55,00:00:15
164,17,00:09:19,00:05:39
164,18,00:03:05,00:02:44
164,19,00:03:20,00:01:33
164,20,00:02:28,00:00:40
164,21,00:02:58,00:02:14
164,22,00:01:18,00:00:-43
166,4,00:01:04,00:02:07
166,5,00:02:02,00:00:35
166,6,00:02:15,00:01:22
166,7,00:02:24,00:01:54
166,8,00:04:02,00:03:07
166,9,00:03:48,00:00:48
166,10,00:01:53,00:00:19
166,11,00:03:07,00:01:10
166,12,00:02:32,00:02:43
166,13,00:04:12,00:02:43
166,14,00:02:42,00:03:11
166,15,00:04:29,00:03:25
166,16,00:05:12,00:04:35
166,17,00:05:38,00:04:43
166,18,00:04:23,00:05:07
166,19,00:04:01,00:04:12
166,20,00:03:42,00:03:26
166,21,00:05:13,00:04:23
166,22,00:08:31,00:04:39
166,23,00:02:10,00:05:15
167,6,00:02:03,00:01:12
167,7,00:02:01,00:01:37
167,8,00:00:49,00:00:34
167,14,00:01:02,00:01:43
167,15,00:06:26,00:02:18
167,16,00:06:41,00:00:02
167,17,00:06:51,00:02:05
167,18,00:00:49,00:06:03
168,4,00:00:19,00:01:39
168,5,00:01:59,00:00:-45
168,6,00:02:06,00:01:23
168,7,00:02:06,00:00:47
168,8,00:02:18,00:01:49
168,9,00:02:14,00:01:04
168,10,00:01:54,00:00:58
168,11,00:02:38,00:01:17
168,12,00:02:33,00:01:00
168,13,00:01:35,00:01:26
168,14,00:03:01,00:01:51
168,15,00:02:52,00:01:59
168,16,00:04:43,00:02:44
168,17,00:04:39,00:03:22
168,18,00:04:33,00:04:56
168,19,00:03:32,00:04:39
168,20,00:02:53,00:02:54
168,21,00:03:05,00:01:04
168,22,00:03:11,00:01:06
168,23,00:02:41,00:02:17
169,4,00:00:47,00:00:21
169,5,00:02:47,00:-1:-15
169,6,00:03:22,00:00:46
169,7,00:04:34,00:01:50
169,8,00:03:45,00:02:11
169,9,00:03:14,00:01:59
169,10,00:01:54,00:01:09
169,11,00:01:35,00:00:48
169,12,00:03:34,00:02:11
169,13,00:02:43,00:02:06
169,14,00:03:02,00:02:58
169,15,00:03:11,00:04:08
169,16,00:06:37,00:04:05
169,17,00:08:10,00:04:07
169,18,00:04:24,00:03:55
169,19,00:04:21,00:03:37
169,20,00:03:03,00:02:04
169,21,00:03:53,00:02:44
169,22,00:03:12,00:03:52
169,23,00:03:19,00:02:26
177,5,00:00:59,00:-1:-12
177,6,00:02:12,00:03:14
177,7,00:05:07,00:06:11
177,8,00:00:27,00:05:12
177,15,00:03:50,00:03:01
177,16,00:04:03,00:04:27
177,17,00:00:46,00:07:46
177,18,00:02:14,00:03:53
177,19,00:02:51,00:07:22
178,5,00:01:02,00:03:38
178,6,00:03:21,00:05:20
178,7,00:02:57,00:07:53
178,8,00:05:22,00:09:49
178,15,00:02:46,00:02:37
178,16,00:06:45,00:06:56
178,17,00:04:00,00:09:40
178,18,00:04:47,00:08:11
178,19,00:00:30,00:09:25
179,5,00:01:53,00:01:58
179,6,00:05:55,00:03:59
179,7,00:10:34,00:06:09
179,8,00:01:48,00:04:00
179,15,00:01:54,00:04:28
179,16,00:05:30,00:17:10
179,17,00:02:35,00:14:05
179,18,00:02:59,00:17:44
179,19,00:18:22,00:27:28
17E,6,00:01:59,00:01:09
17E,7,00:02:00,00:02:01
17E,8,00:07:11,00:10:31
17E,16,00:02:49,00:01:49
17E,17,00:01:32,00:01:41
17E,18,00:03:52,00:14:25
180,0,00:02:58,00:02:03
180,1,00:00:36,00:00:-5
180,2,00:16:01,00:-13:-35
180,3,00:01:24,00:00:-25
180,4,00:00:40,00:00:40
180,5,00:01:08,00:01:13
180,6,00:02:02,00:01:56
180,7,00:03:32,00:02:53
180,8,00:08:35,00:03:11
180,9,00:04:09,00:01:49
180,10,00:03:51,00:00:-7
180,11,00:03:21,00:00:34
180,12,00:04:21,00:02:32
180,13,00:03:44,00:02:16
180,14,00:06:15,00:04:01
180,15,00:05:40,00:04:18
180,16,00:07:00,00:06:10
180,17,00:06:47,00:02:38
180,18,00:04:46,00:02:27
180,19,00:04:08,00:03:03
180,20,00:04:09,00:03:07
180,21,00:03:26,00:03:09
180,22,00:03:58,00:03:08
180,23,00:03:06,00:02:42
181,5,00:00:53,00:00:25
181,6,00:02:05,00:00:52
181,7,00:03:49,00:01:15
181,8,00:02:53,00:00:37
181,9,00:01:47,00:00:44
181,10,00:04:00,00:01:13
181,11,00:03:00,00:01:11
181,12,00:02:31,00:00:59
181,13,00:02:43,00:01:41
181,14,00:02:57,00:01:17
181,15,00:03:13,00:02:04
181,16,00:03:34,00:01:34
181,17,00:02:19,00:01:24
181,18,00:02:32,00:01:18
181,19,00:01:28,00:00:27
181,20,00:03:07,00:01:11
181,21,00:02:20,00:01:13
181,22,00:02:16,00:00:53
181,23,00:01:56,00:00:38
182,5,00:00:40,00:00:-9
182,6,00:01:05,00:00:-51
182,7,00:03:46,00:01:55
182,8,00:00:42,00:00:33
182,9,00:03:30,00:01:02
182,10,00:04:08,00:01:25
182,11,00:02:16,00:01:12
182,12,00:01:14,00:00:32
182,13,00:00:46,00:00:34
182,14,00:01:06,00:00:38
182,15,00:02:15,00:02:08
182,16,00:02:39,00:02:06
182,17,00:03:44,00:02:00
182,18,00:02:45,00:02:17
182,19,00:01:04,00:00:-5
182,20,00:00:07,00:-1:-34
183,5,00:00:25,00:00:-16
183,6,00:01:01,00:00:32
183,7,00:02:09,00:02:58
183,8,00:01:54,00:00:-33
183,9,00:02:04,00:03:24
183,10,00:01:25,00:01:00
183,11,00:05:18,00:05:14
183,12,00:06:55,00:07:20
183,13,00:01:31,00:00:13
183,14,00:05:53,00:04:12
183,15,00:03:15,00:02:11
183,16,00:05:09,00:03:25
183,17,00:10:50,00:09:34
183,18,00:06:36,00:03:57
183,19,00:00:05,00:02:17
186,5,00:02:24,00:00:44
186,6,00:02:07,00:00:56
186,7,00:01:22,00:02:17
186,8,00:03:20,00:03:00
186,16,00:01:51,00:02:39
186,17,00:00:39,00:00:13
186,18,00:04:02,00:01:47
186,19,00:01:54,00:-1:-8
187,5,00:02:05,00:00:-52
187,6,00:00:59,00:00:13
187,7,00:01:10,00:00:-9
187,8,00:01:01,00:00:35
187,9,00:00:46,00:00:39
187,10,00:00:59,00:01:07
187,11,00:01:49,00:01:59
187,12,00:01:23,00:01:37
187,13,00:01:19,00:01:03
187,14,00:02:04,00:00:12
187,15,00:02:20,00:01:19
187,16,00:03:11,00:01:32
187,17,00:01:17,00:00:35
187,18,00:01:23,00:01:10
187,19,00:02:20,00:02:12
187,20,00:02:30,00:01:06
187,21,00:02:29,00:01:41
18E,6,00:01:16,00:00:-20
18E,7,00:02:32,00:01:58
18E,8,00:03:14,00:02:28
18E,15,00:00:10,00:02:46
18E,16,00:02:11,00:00:33
18E,17,00:00:55,00:01:17
18E,18,00:07:40,00:07:37
18E,19,00:00:08,00:04:14
190,6,00:03:01,00:03:48
190,7,00:04:35,00:03:59
190,8,00:00:10,00:02:13
190,15,00:01:00,00:00:-57
190,16,00:05:19,00:08:29
190,17,00:02:56,00:07:49
190,18,00:02:19,00:10:02
192,6,00:02:44,00:02:17
192,7,00:03:28,00:05:39
192,8,00:00:38,00:05:23
192,15,00:00:12,00:07:50
192,16,00:07:05,00:09:24
192,17,00:00:32,00:06:42
192,18,00:00:22,00:04:32
193E,5,00:01:00,00:01:21
193E,6,00:02:39,00:02:06
193E,7,00:03:22,00:05:23
193E,8,00:02:47,00:06:05
193E,15,00:00:24,00:04:28
193E,16,00:02:45,00:07:36
193E,17,00:14:15,00:17:12
193E,18,00:02:57,00:01:12
193E,19,00:09:00,00:07:39
193E,20,00:02:31,00:-5:-29
197,5,00:00:57,00:01:41
197,6,00:01:48,00:00:31
197,7,00:03:33,00:03:43
197,8,00:05:40,00:06:30
197,13,00:01:58,00:-4:-51
197,14,00:01:02,00:-2:-29
197,15,00:02:40,00:-1:-55
197,16,00:05:00,00:09:20
197,17,00:06:15,00:05:48
197,18,00:03:59,00:-2:-10
197,19,00:00:17,00:-11:-14
2,0,00:01:32,00:00:46
2,1,00:00:48,00:00:31
2,2,00:00:07,00:07:58
2,4,00:00:18,00:00:21
2,5,00:01:27,00:00:13
2,6,00:02:04,00:00:32
2,7,00:02:54,00:01:10
2,8,00:03:31,00:02:35
2,9,00:02:05,00:01:52
2,10,00:02:12,00:02:20
2,11,00:02:48,00:02:08
2,12,00:02:41,00:01:51
2,13,00:03:07,00:01:45
2,14,00:02:58,00:02:00
2,15,00:03:35,00:02:53
2,16,00:05:11,00:02:44
2,17,00:03:59,00:02:16
2,18,00:05:32,00:03:46
2,19,00:04:57,00:03:49
2,20,00:03:26,00:01:53
2,21,00:02:22,00:02:03
2,22,00:02:30,00:02:30
2,23,00:03:06,00:01:30
200,9,00:01:09,00:00:-22
200,10,00:01:31,00:-1:00
200,11,00:01:19,00:00:02
200,12,00:00:30,00:00:14
200,13,00:01:14,00:00:-2
200,14,00:01:20,00:-2:-1
200,15,00:01:36,00:00:-6
201,7,00:00:59,00:00:57
201,18,00:00:33,00:00:-39
204,6,00:04:56,00:04:35
204,7,00:05:22,00:04:30
204,8,00:05:19,00:08:15
204,9,00:02:35,00:00:39
204,10,00:00:09,00:00:-49
204,11,00:01:08,00:00:51
204,12,00:01:40,00:01:09
204,13,00:01:38,00:00:37
204,14,00:03:02,00:02:28
204,15,00:02:42,00:01:20
204,16,00:00:37,00:00:-34
204,17,00:00:18,00:00:-21
204,18,00:01:03,00:00:-25
204,19,00:00:21,00:00:49
208,5,00:01:55,00:00:59
208,6,00:00:49,00:00:06
208,7,00:01:59,00:02:55
208,8,00:01:52,00:02:35
208,9,00:00:39,00:01:17
208,10,00:00:57,00:00:55
208,11,00:00:41,00:00:41
208,12,00:03:02,00:03:24
208,13,00:01:30,00:00:-1
208,14,00:03:06,00:02:46
208,15,00:07:38,00:06:07
208,16,00:07:04,00:06:55
208,17,00:05:33,00:07:41
208,18,00:05:17,00:04:09
208,19,00:03:18,00:06:10
208,20,00:02:51,00:01:21
208,21,00:07:21,00:03:32
21,0,00:02:10,00:00:-14
21,1,00:01:47,00:-2:-14
21,5,00:02:30,00:00:27
21,6,00:02:07,00:00:-37
21,7,00:02:32,00:00:27
21,8,00:03:39,00:02:20
21,9,00:05:22,00:03:42
21,10,00:03:15,00:01:52
21,11,00:04:37,00:02:03
21,12,00:03:24,00:02:01
21,13,00:03:57,00:02:02
21,14,00:05:30,00:02:54
21,15,00:03:54,00:02:21
21,16,00:03:58,00:02:37
21,17,00:04:09,00:02:53
21,18,00:05:25,00:03:03
21,19,00:04:44,00:02:44
21,20,00:03:30,00:01:45
21,21,00:02:10,00:01:37
21,22,00:04:08,00:02:35
21,23,00:03:06,00:01:26
212,6,00:02:09,00:00:51
212,7,00:02:04,00:01:45
212,8,00:02:22,00:02:26
212,9,00:02:24,00:01:33
212,10,00:00:34,00:00:-30
212,11,00:02:30,00:00:40
212,12,00:02:56,00:03:00
212,13,00:05:38,00:04:42
212,14,00:04:28,00:02:25
212,15,00:01:21,00:00:55
212,16,00:03:19,00:04:18
212,17,00:04:55,00:04:32
212,18,00:08:32,00:07:36
212,19,00:14:07,00:19:47
212,20,,00:-4:00
214,5,00:02:31,00:01:56
214,6,00:01:48,00:00:59
214,7,00:02:24,00:02:12
214,8,00:02:16,00:02:52
214,15,00:02:03,00:00:24
214,16,00:04:13,00:06:36
214,17,00:03:58,00:04:32
214,18,00:08:24,00:09:02
214,19,00:00:14,00:00:38
216,5,00:00:55,00:02:01
216,6,00:00:46,00:02:16
216,7,00:01:55,00:02:55
216,8,00:02:37,00:03:20
216,16,00:05:07,00:05:54
216,17,00:02:20,00:05:42
216,18,00:05:12,00:03:29
216,19,00:00:10,00:03:56
217,6,00:00:32,00:00:27
217,7,00:03:13,00:00:04
217,8,00:01:32,00:01:00
217,16,00:01:15,00:00:50
217,17,00:02:01,00:02:00
217,18,00:07:04,00:09:35
218,5,00:01:11,00:03:29
218,6,00:01:18,00:-3:-18
218,7,00:01:22,00:04:57
218,8,00:02:39,00:04:01
218,9,00:00:00,00:04:52
218,15,,00:01:25
218,16,00:02:16,00:00:-12
218,17,,00:23:31
219,5,00:02:08,00:00:38
219,6,00:01:06,00:00:11
219,7,00:01:56,00:01:38
219,8,00:00:05,00:03:54
219,17,00:05:13,00:01:15
219,18,00:04:28,00:03:21
219,19,00:02:38,00:03:07
21E,6,00:01:18,00:00:04
21E,7,00:02:46,00:02:04
21E,8,00:03:16,00:06:25
21E,15,00:00:17,00:10:41
21E,16,00:03:49,00:04:09
21E,17,00:05:49,00:09:52
21E,18,00:06:26,00:04:48
22,6,00:00:33,00:00:27
22,7,00:00:51,00:00:24
22,8,00:01:14,00:01:10
22,9,00:00:56,00:00:37
22,10,00:01:59,00:01:13
22,11,00:00:49,00:00:41
22,12,00:01:06,00:00:58
22,13,00:02:30,00:01:27
22,14,00:01:43,00:00:06
22,15,00:02:37,00:02:10
22,16,00:01:34,00:00:04
22,17,00:00:42,00:00:20
22,18,00:00:41,00:00:02
22,19,00:01:50,00:00:-4
22,20,00:00:28,00:00:22
22,21,00:00:00,00:00:49
221,5,00:01:06,00:00:-38
221,6,00:01:17,00:00:17
221,7,00:05:19,00:03:15
221,8,00:05:21,00:03:06
221,9,00:02:48,00:02:15
221,10,00:03:15,00:03:01
221,11,00:03:08,00:01:40
221,12,00:15:42,00:05:43
221,13,00:18:54,00:07:04
221,14,00:04:15,00:03:23
221,15,00:05:01,00:02:47
221,16,00:03:48,00:03:16
221,17,00:03:27,00:02:09
221,18,00:03:41,00:03:30
221,19,00:03:35,00:03:05
221,20,00:02:50,00:02:06
221,21,00:05:56,00:04:41
221,22,00:01:22,00:00:26
221,23,00:00:26,00:00:-53
224,5,00:00:06,00:00:13
224,6,00:01:04,00:00:-7
224,7,00:01:36,00:00:51
224,8,00:01:58,00:01:04
224,9,00:01:00,00:00:38
224,10,00:00:00,00:00:-4
224,11,00:00:28,00:00:12
224,12,00:01:10,00:01:21
224,13,00:03:52,00:02:14
224,14,00:02:32,00:03:11
224,15,00:03:02,00:06:27
224,16,00:05:08,00:02:07
224,17,00:00:33,00:12:16
224,18,00:03:00,00:00:44
224,19,00:00:34,00:00:14
224,20,00:00:36,00:-4:-7
226,5,00:01:49,00:00:-39
226,6,00:01:29,00:00:41
226,7,00:01:53,00:00:45
226,8,00:02:07,00:02:04
226,9,00:04:11,00:03:35
226,10,00:03:19,00:00:04
226,11,00:06:20,00:03:57
226,12,00:05:03,00:01:54
226,13,00:03:53,00:01:42
226,14,00:03:41,00:01:50
226,15,00:05:03,00:04:23
226,16,00:11:26,00:00:24
226,17,00:08:42,00:06:42
226,18,00:08:12,00:04:30
226,19,00:08:59,00:03:09
226,20,00:03:27,00:02:45
226,21,00:03:33,00:02:02
226,22,00:02:28,00:01:30
226,23,00:08:46,00:05:25
232,5,00:00:53,00:00:06
232,6,00:01:13,00:00:-51
232,7,00:02:14,00:02:07
232,8,00:03:54,00:06:39
232,15,00:00:57,00:01:04
232,16,00:03:32,00:04:18
232,17,00:03:19,00:01:36
232,18,00:07:30,00:07:04
232,19,00:00:02,00:03:10
234,5,00:01:37,00:00:52
234,6,00:01:35,00:00:36
234,7,00:01:53,00:01:31
234,8,00:02:59,00:02:02
234,9,00:04:32,00:02:15
234,10,00:01:34,00:01:19
234,11,00:02:50,00:02:08
234,12,00:03:54,00:03:00
234,13,00:06:46,00:05:37
234,14,00:03:19,00:03:30
234,15,00:03:35,00:03:34
234,16,00:04:34,00:05:08
234,17,00:05:33,00:04:50
234,18,00:04:53,00:04:32
234,19,00:04:36,00:05:47
234,20,00:05:09,00:05:47
234,21,00:10:26,00:08:59
235,0,00:00:29,00:00:05
235,5,00:03:34,00:04:30
235,6,00:01:15,00:00:52
235,7,00:03:21,00:01:30
235,8,00:02:07,00:01:18
235,9,00:03:20,00:01:59
235,10,00:01:35,00:00:45
235,11,00:01:58,00:01:18
235,12,00:03:38,00:02:35
235,13,00:06:16,00:03:52
235,14,00:02:31,00:01:39
235,15,00:03:54,00:01:43
235,16,00:04:11,00:02:41
235,17,00:04:22,00:02:31
235,18,00:04:11,00:01:46
235,19,00:03:29,00:01:27
235,20,00:01:48,00:00:-4
235,21,00:02:11,00:01:14
235,22,00:02:44,00:00:02
235,23,00:02:07,00:00:-9
236,5,00:00:45,00:00:-7
236,6,00:03:31,00:01:47
236,7,00:02:03,00:02:02
236,8,00:05:05,00:04:51
236,9,00:03:17,00:02:02
236,10,00:01:27,00:00:24
236,11,00:06:03,00:02:59
236,12,00:06:17,00:03:46
236,13,00:05:40,00:03:32
236,14,00:05:39,00:03:14
236,15,00:06:37,00:05:33
236,16,00:04:54,00:04:07
236,17,00:01:37,00:01:24
236,18,00:03:13,00:01:44
236,19,00:03:16,00:01:43
236,20,00:02:16,00:03:23
237,6,00:00:12,00:00:-31
237,7,00:01:01,00:00:50
237,16,00:07:21,00:05:26
237,17,00:00:48,00:07:45
238,5,00:01:21,00:01:42
238,6,00:01:51,00:01:22
238,7,00:03:23,00:03:11
238,8,00:04:08,00:04:44
238,9,00:04:54,00:02:37
238,10,00:04:45,00:03:09
238,11,00:07:21,00:02:51
238,12,00:03:29,00:01:30
238,13,00:05:05,00:02:22
238,14,00:02:43,00:00:51
238,15,00:04:10,00:02:34
238,16,00:04:17,00:03:02
238,17,00:06:10,00:03:01
238,18,00:09:17,00:06:01
238,19,00:12:54,00:12:24
24,5,00:01:41,00:02:54
24,6,00:03:34,00:03:24
24,7,00:04:24,00:03:53
24,8,00:05:19,00:03:49
24,9,00:07:16,00:05:05
24,10,00:05:06,00:01:56
24,11,00:04:08,00:02:58
24,12,00:03:10,00:02:48
24,13,00:03:34,00:03:38
24,14,00:04:52,00:04:47
24,15,00:04:43,00:03:53
24,16,00:05:19,00:04:26
24,17,00:05:26,00:04:29
24,18,00:05:24,00:03:23
24,19,00:03:03,00:02:56
24,20,00:02:17,00:02:04
24,21,00:04:18,00:03:43
24,22,00:05:27,00:05:16
240,0,00:00:06,00:03:33
240,5,00:00:46,00:00:-22
240,6,00:02:08,00:00:49
240,7,00:04:03,00:02:44
240,8,00:06:26,00:03:46
240,9,00:03:27,00:02:32
240,10,00:07:46,00:02:25
240,11,00:05:53,00:02:39
240,12,00:02:44,00:01:19
240,13,00:02:44,00:01:04
240,14,00:03:51,00:02:12
240,15,00:03:11,00:02:48
240,16,00:04:41,00:05:36
240,17,00:07:13,00:05:27
240,18,00:07:12,00:05:27
240,19,00:06:04,00:03:09
240,20,00:07:45,00:03:47
240,21,00:02:56,00:02:17
240,22,00:04:10,00:02:34
240,23,00:05:25,00:02:19
241,5,00:00:55,00:00:-13
241,6,00:01:01,00:00:07
241,7,00:01:27,00:00:26
241,8,00:03:08,00:01:06
241,9,00:04:34,00:02:28
241,10,00:01:41,00:00:20
241,11,00:10:10,00:05:04
241,12,00:05:58,00:03:30
241,13,00:03:02,00:01:23
241,14,00:03:15,00:02:56
241,15,00:03:37,00:02:58
241,16,00:03:51,00:03:57
241,17,00:06:40,00:04:09
241,18,00:05:10,00:02:38
241,19,00:04:47,00:03:02
241,20,00:01:25,00:00:44
241,21,00:06:46,00:02:48
241,22,00:01:13,00:00:-26
242,6,00:00:38,00:02:44
242,7,00:01:18,00:02:02
242,8,00:02:56,00:02:20
242,9,00:07:29,00:-3:-5
242,15,00:00:25,00:02:30
242,16,00:02:47,00:04:34
242,17,00:13:18,00:15:36
242,18,00:09:44,00:04:40
242,19,00:00:11,00:08:47
244,6,00:00:39,00:00:34
244,7,00:02:55,00:03:17
244,8,00:05:27,00:02:06
244,9,00:00:00,00:01:33
244,16,00:04:47,00:05:28
244,17,00:04:03,00:08:39
244,18,00:04:31,00:04:01
244,19,00:00:00,00:09:44
245,6,00:01:27,00:00:41
245,7,00:02:04,00:01:35
245,8,00:02:39,00:02:54
245,9,00:03:30,00:02:21
245,10,00:02:21,00:01:42
245,11,00:02:53,00:00:54
245,12,00:02:58,00:01:17
245,13,00:03:47,00:02:29
245,14,00:03:15,00:01:33
245,15,00:03:35,00:01:49
245,16,00:03:15,00:02:58
245,17,00:05:02,00:04:47
245,18,00:06:11,00:04:32
245,19,00:04:51,00:03:29
245,20,00:02:14,00:01:47
245,21,00:03:34,00:03:06
245,22,00:03:24,00:02:18
245,23,00:03:41,00:04:08
246,5,00:02:33,00:01:34
246,6,00:03:17,00:01:50
246,7,00:03:59,00:03:05
246,8,00:02:50,00:01:23
246,9,00:01:20,00:00:45
246,10,00:00:33,00:01:22
246,11,00:01:32,00:01:23
246,12,00:00:50,00:01:49
246,13,00:02:25,00:02:44
246,14,00:03:25,00:06:37
246,15,00:04:20,00:04:55
246,16,00:06:23,00:08:21
246,17,00:03:34,00:04:23
246,18,00:01:22,00:02:08
246,19,00:00:13,00:00:47
248,5,00:00:31,00:00:09
248,6,00:01:59,00:00:54
248,7,00:02:05,00:00:54
248,8,00:02:40,00:01:25
248,9,00:08:40,00:04:05
248,10,00:01:56,00:00:25
248,11,00:01:29,00:00:04
248,12,00:02:10,00:01:08
248,13,00:03:42,00:02:19
248,14,00:03:15,00:01:09
248,15,00:02:36,00:01:31
248,16,00:02:49,00:01:45
248,17,00:02:12,00:00:55
248,18,00:02:03,00:00:46
248,19,00:01:20,00:00:40
248,20,00:04:19,00:01:57
248,21,00:02:30,00:01:27
248,22,00:01:43,00:00:58
248,23,00:01:16,00:00:24
249,6,00:01:39,00:01:15
249,7,00:02:52,00:01:36
249,8,00:02:10,00:01:27
249,9,00:02:07,00:01:25
249,10,00:02:46,00:02:03
249,11,00:03:03,00:00:45
249,12,00:03:20,00:01:24
249,13,00:02:16,00:00:59
249,14,00:02:58,00:00:52
249,15,00:02:44,00:02:06
249,16,00:02:30,00:00:16
249,17,00:02:10,00:00:36
249,18,00:02:47,00:01:51
249,19,00:01:49,00:01:16
249,20,00:00:33,00:00:-22
25,6,00:01:00,00:00:54
25,7,00:02:57,00:03:38
25,8,00:04:22,00:08:28
25,9,00:04:47,00:04:42
25,10,00:02:54,00:03:26
25,11,00:04:40,00:02:35
25,12,00:03:06,00:04:11
25,13,00:02:05,00:02:16
25,14,00:06:31,00:06:08
25,15,00:06:04,00:03:46
25,16,00:06:53,00:09:53
25,17,00:07:50,00:17:04
25,18,00:11:58,00:14:36
25,19,00:01:10,00:06:11
252,5,00:00:16,00:00:20
252,6,00:02:57,00:02:46
252,7,00:02:00,00:03:01
252,8,00:00:00,00:02:27
252,15,00:03:10,00:07:47
252,16,00:07:22,00:05:24
252,17,00:04:35,00:04:11
252,18,00:04:36,00:07:50
252,19,00:01:45,00:01:39
255,0,00:00:43,00:00:25
255,4,00:00:00,00:04:36
255,5,00:01:27,00:00:34
255,6,00:02:49,00:00:-28
255,7,00:06:21,00:01:28
255,8,00:05:03,00:02:28
255,9,00:06:02,00:02:20
255,10,00:02:55,00:01:36
255,11,00:02:54,00:00:59
255,12,00:03:34,00:01:26
255,13,00:04:02,00:01:49
255,14,00:05:42,00:02:11
255,15,00:08:01,00:03:52
255,16,00:06:48,00:02:54
255,17,00:06:01,00:02:48
255,18,00:07:41,00:06:09
255,19,00:05:38,00:02:06
255,20,00:08:16,00:05:14
255,21,00:03:44,00:02:04
255,22,00:04:18,00:03:19
255,23,00:06:18,00:06:27
257,5,00:00:29,00:-1:-1
257,6,00:02:07,00:02:06
257,7,00:02:19,00:01:53
257,8,00:03:13,00:10:09
257,15,00:01:49,00:07:20
257,16,00:03:24,00:08:00
257,17,00:04:35,00:07:12
257,18,00:09:43,00:10:59
257,19,00:00:02,00:08:11
26,0,00:02:15,00:01:05
26,1,00:01:51,00:02:04
26,5,00:01:53,00:00:10
26,6,00:03:19,00:03:24
26,7,00:04:13,00:04:34
26,8,00:04:45,00:05:43
26,9,00:04:36,00:04:28
26,10,00:04:02,00:03:57
26,11,00:03:34,00:02:03
26,12,00:02:51,00:03:50
26,13,00:05:51,00:05:39
26,14,00:02:26,00:02:14
26,15,00:03:30,00:02:48
26,16,00:02:58,00:02:28
26,17,00:02:34,00:03:01
26,18,00:04:58,00:04:33
26,19,00:03:04,00:02:23
26,20,00:02:35,00:03:36
26,21,00:04:14,00:04:19
26,22,00:06:13,00:05:45
26,23,00:02:49,00:01:36
268,6,00:02:38,00:05:12
268,7,00:02:11,00:03:19
268,8,00:00:00,00:02:49
268,15,00:00:48,00:04:20
268,16,00:02:12,00:03:26
268,17,00:02:29,00:06:33
268,18,00:04:21,00:07:39
269,6,00:01:27,00:00:41
269,7,00:03:54,00:00:22
269,8,00:02:37,00:00:37
269,9,00:03:08,00:02:23
269,10,00:00:14,00:01:54
269,15,00:02:38,00:04:50
269,16,00:03:45,00:04:05
269,17,00:06:00,00:09:50
269,18,00:04:57,00:06:16
269,19,00:03:49,00:04:26
269,20,00:00:00,00:01:10
26E,5,00:02:27,00:00:-30
26E,6,00:02:02,00:09:09
26E,7,00:02:32,00:02:01
26E,8,00:01:34,00:06:29
26E,16,00:03:51,00:00:-55
26E,17,00:03:29,00:02:40
26E,18,00:09:51,00:08:05
27,5,00:01:00,00:00:-38
27,6,00:05:07,00:03:32
27,7,00:02:21,00:01:25
27,8,00:06:23,00:07:18
27,14,00:00:00,00:05:18
27,15,00:03:56,00:00:45
27,16,00:02:48,00:02:19
27,17,00:02:49,00:05:23
27,18,00:03:33,00:05:28
27,19,00:00:24,00:02:24
271,5,00:02:48,00:02:21
271,6,00:02:10,00:00:21
271,7,00:02:54,00:01:26
271,8,00:05:01,00:01:02
271,9,00:04:40,00:01:07
271,10,00:03:18,00:00:18
271,11,00:03:06,00:00:38
271,12,00:04:13,00:02:18
271,13,00:04:09,00:01:35
271,14,00:05:27,00:02:42
271,15,00:05:53,00:02:16
271,16,00:06:47,00:03:39
271,17,00:05:57,00:02:05
271,18,00:05:22,00:02:39
271,19,00:06:54,00:03:22
271,20,00:07:04,00:03:46
271,21,00:02:12,00:00:56
271,22,00:02:31,00:01:13
271,23,00:01:56,00:02:18
277,5,00:00:00,00:00:00
277,6,00:01:36,00:00:-53
277,7,00:03:06,00:06:07
277,8,00:05:41,00:07:20
277,14,00:00:11,00:01:38
277,15,00:05:38,00:04:29
277,16,00:04:59,00:06:11
277,17,00:03:18,00:16:27
277,18,00:04:03,00:23:36
28,0,00:01:58,00:01:18
28,5,00:01:44,00:01:44
28,6,00:06:57,00:06:08
28,7,00:07:04,00:06:50
28,8,00:08:15,00:09:09
28,9,00:05:56,00:04:09
28,10,00:09:13,00:05:02
28,11,00:06:13,00:03:00
28,12,00:03:36,00:02:44
28,13,00:07:55,00:05:17
28,14,00:06:03,00:05:35
28,15,00:04:32,00:03:42
28,16,00:09:55,00:06:44
28,17,00:05:42,00:04:24
28,18,00:11:49,00:08:27
28,19,00:06:04,00:05:39
28,20,00:06:49,00:05:49
28,21,00:07:28,00:07:09
28,22,00:13:39,00:10:51
28,23,00:10:24,00:08:11
28E,5,00:01:22,00:01:38
28E,6,00:01:22,00:01:40
28E,7,00:02:10,00:03:11
28E,8,00:04:29,00:04:20
28E,15,00:00:13,00:08:20
28E,16,00:05:18,00:03:42
28E,17,00:03:42,00:09:45
28E,18,00:08:11,00:12:29
29,6,00:04:12,00:03:59
29,7,00:02:55,00:04:56
29,8,00:04:58,00:06:20
29,9,00:09:47,00:12:43
29,10,00:00:00,00:06:31
29,11,00:01:35,00:32:57
29,15,00:00:00,00:03:24
29,16,00:05:40,00:08:07
29,17,00:01:45,00:05:07
29,18,00:11:07,00:13:01
29,19,00:10:18,00:07:01
3,0,00:02:13,00:00:42
3,1,00:01:29,00:00:-43
3,5,00:00:57,00:00:-9
3,6,00:02:30,00:02:02
3,7,00:02:47,00:02:06
3,8,00:03:37,00:02:23
3,9,00:03:22,00:01:36
3,10,00:03:30,00:01:53
3,11,00:04:20,00:02:13
3,12,00:05:07,00:02:42
3,13,00:04:24,00:02:49
3,14,00:04:33,00:01:46
3,15,00:03:18,00:01:55
3,16,00:03:40,00:02:26
3,17,00:05:12,00:03:23
3,18,00:05:10,00:02:53
3,19,00:02:49,00:02:26
3,20,00:02:48,00:02:08
3,21,00:03:59,00:03:13
3,22,00:03:20,00:02:04
3,23,00:03:01,00:01:37
30,6,00:04:57,00:03:41
30,7,00:02:42,00:02:25
30,8,00:03:07,00:01:38
30,15,00:01:48,00:00:59
30,16,00:03:30,00:01:53
30,17,00:06:59,00:06:40
30,18,00:04:50,00:00:01
301,5,00:00:38,00:-1:-41
301,6,00:03:49,00:03:24
301,7,00:04:19,00:00:17
301,8,00:01:42,00:-5:-42
301,15,,00:00:54
301,16,00:13:42,00:-2:-9
301,17,00:07:00,00:02:34
301,18,00:06:27,00:14:16
301E,6,00:06:12,00:00:15
301E,7,00:03:01,00:02:57
301E,8,00:05:05,00:03:47
301E,9,00:00:00,00:03:03
301E,15,00:04:20,00:-4:-1
301E,16,00:02:24,00:00:-2
301E,17,00:02:46,00:00:-49
301E,18,00:00:56,00:00:-39
301E,19,00:00:53,00:16:31
303E,5,00:00:16,00:00:-15
303E,6,00:02:29,00:03:42
303E,7,00:02:17,00:02:07
303E,8,00:02:55,00:02:05
303E,15,00:01:12,00:03:02
303E,16,00:02:50,00:05:35
303E,17,00:04:37,00:04:06
303E,18,00:02:52,00:02:20
303E,19,00:00:33,00:-1:-35
303E,20,00:00:27,00:00:-45
304,6,00:01:46,00:00:54
304,7,00:01:33,00:01:03
304,8,00:17:34,00:24:08
304,15,00:00:05,00:01:34
304,16,00:06:16,00:03:06
304,17,00:02:52,00:04:46
304,18,00:04:54,00:02:07
308,6,00:01:33,00:-1:00
308,7,00:00:26,00:01:22
308,8,00:00:00,00:00:-16
308,16,00:01:53,00:-1:-19
308,17,00:01:46,00:-2:-13
308,18,00:04:33,00:-5:-53
309E,6,00:00:56,00:01:27
309E,7,00:02:12,00:06:08
309E,8,00:04:33,00:04:53
309E,16,00:05:39,00:05:16
309E,17,00:08:05,00:08:10
309E,18,00:05:00,00:12:04
31,6,00:04:56,00:02:02
31,7,00:04:16,00:02:36
31,8,00:02:50,00:02:07
31,9,00:03:26,00:03:00
31,10,00:01:44,00:01:52
31,11,00:04:51,00:04:43
31,12,00:04:12,00:03:14
31,13,00:04:11,00:02:58
31,14,00:03:30,00:02:28
31,15,00:05:53,00:03:10
31,16,00:04:53,00:03:07
31,17,00:02:41,00:01:13
31,18,00:02:26,00:02:04
31,19,00:05:00,00:05:43
311,5,00:01:10,00:-1:-21
311,6,00:02:06,00:00:-59
311,7,00:03:39,00:00:22
311,8,00:05:08,00:02:36
311,15,00:01:21,00:03:32
311,16,00:03:19,00:06:09
311,17,00:05:50,00:06:33
311,18,00:09:42,00:08:00
311,19,00:00:44,00:05:05
312E,4,00:01:18,00:00:15
312E,5,00:01:32,00:02:55
312E,6,00:01:41,00:01:24
312E,7,00:04:46,00:02:38
312E,8,00:05:44,00:03:12
312E,14,00:00:19,00:-1:-21
312E,15,00:02:32,00:-1:-54
312E,16,00:04:54,00:01:02
312E,17,00:04:08,00:00:00
312E,18,00:04:51,00:-2:-43
312E,19,00:08:02,00:00:03
316,6,00:01:23,00:01:37
316,7,00:01:58,00:04:09
316,8,00:00:23,00:00:07
316,16,00:04:49,00:03:20
316,17,00:02:25,00:03:24
316,18,00:06:02,00:09:04
316,19,00:00:16,00:13:49
32,5,00:01:45,00:00:-30
32,6,00:01:52,00:01:13
32,7,00:02:30,00:02:10
32,8,00:03:57,00:02:27
32,9,00:04:03,00:02:59
32,10,00:03:12,00:03:00
32,11,00:06:11,00:04:58
32,12,00:03:22,00:03:44
32,13,00:03:57,00:03:45
32,14,00:05:06,00:04:13
32,15,00:02:52,00:03:17
32,16,00:05:12,00:04:02
32,17,00:07:57,00:04:52
32,18,00:05:06,00:05:52
32,19,00:06:43,00:05:45
32,20,00:03:37,00:03:43
32,21,00:04:19,00:03:12
32,22,00:02:54,00:02:33
32,23,00:06:19,00:04:58
33,5,00:00:28,00:00:04
33,6,00:03:17,00:02:03
33,7,00:02:34,00:02:43
33,8,00:03:05,00:03:38
33,9,00:05:30,00:04:19
33,10,00:03:25,00:04:20
33,11,00:04:01,00:03:02
33,12,00:02:35,00:02:29
33,13,00:02:55,00:03:42
33,14,00:04:14,00:05:24
33,15,00:03:44,00:03:59
33,16,00:03:43,00:04:09
33,17,00:06:52,00:08:08
33,18,00:07:00,00:05:24
33,19,00:07:04,00:04:37
33,20,00:05:44,00:04:17
33,21,00:07:31,00:04:40
33,22,00:05:31,00:03:02
33,23,00:01:18,00:03:16
330,7,00:00:53,00:01:03
330,8,00:01:15,00:00:-20
330,9,00:00:49,00:00:41
330,10,00:03:13,00:03:31
330,11,00:02:12,00:04:00
330,12,00:02:53,00:03:21
330,13,00:02:53,00:02:39
330,14,00:00:55,00:00:41
330,15,00:03:50,00:03:30
330,16,00:05:31,00:04:05
330,17,00:05:32,00:03:16
330,18,00:00:07,00:00:00
330,19,00:00:25,00:00:-46
331,6,00:01:44,00:00:39
331,7,00:01:35,00:01:20
331,8,00:02:19,00:02:18
331,9,00:02:35,00:01:40
331,10,00:02:31,00:00:51
331,11,00:02:56,00:01:34
331,12,00:07:22,00:04:18
331,13,00:02:51,00:01:37
331,14,00:03:53,00:01:14
331,15,00:03:41,00:00:33
331,16,00:02:35,00:01:37
331,17,00:06:57,00:04:11
331,18,00:05:06,00:03:08
331,19,00:03:54,00:01:30
342,4,00:00:49,00:01:29
342,5,00:01:23,00:-1:-16
342,6,00:02:36,00:03:59
342,7,00:05:27,00:06:23
342,15,00:01:51,00:04:59
342,16,00:07:47,00:10:37
342,17,00:04:50,00:03:48
342,18,00:01:43,00:01:50
345,6,00:01:47,00:00:-12
345,7,00:01:29,00:01:18
345,8,00:01:50,00:01:11
345,9,00:02:24,00:01:29
345,10,00:01:21,00:00:19
345,11,00:02:15,00:00:41
345,12,00:05:04,00:03:17
345,13,00:02:41,00:01:46
345,14,00:01:44,00:00:27
345,15,00:03:36,00:01:50
345,16,00:02:16,00:01:31
345,17,00:06:26,00:04:18
345,18,00:02:08,00:01:25
345,19,00:02:40,00:01:22
345,20,00:06:46,00:03:32
345,21,00:01:23,00:01:13
345,22,00:02:48,00:01:47
346,5,00:01:12,00:00:23
346,6,00:02:47,00:01:03
346,7,00:01:20,00:00:48
346,8,00:03:55,00:01:58
346,9,00:04:11,00:01:22
346,10,00:02:30,00:00:37
346,11,00:01:05,00:00:41
346,12,00:01:22,00:00:44
346,13,00:00:56,00:01:24
346,14,00:01:06,00:00:41
346,15,00:02:01,00:01:35
346,16,00:02:23,00:00:47
346,17,00:01:54,00:01:05
346,18,00:02:09,00:01:09
346,19,00:01:13,00:00:08
346,20,00:01:18,00:00:27
346,21,00:01:13,00:00:43
346,22,00:01:15,00:00:39
346,23,00:03:13,00:00:50
347,5,00:00:19,00:00:00
347,6,00:05:50,00:-2:-56
347,7,00:01:57,00:01:15
347,8,00:01:22,00:01:18
347,9,00:01:23,00:01:25
347,10,00:01:51,00:02:27
347,11,00:01:33,00:00:23
347,12,00:01:13,00:01:01
347,13,00:01:42,00:01:28
347,14,00:04:41,00:02:16
347,15,00:02:25,00:01:31
347,16,00:08:31,00:00:36
347,17,00:02:25,00:02:09
347,18,00:03:13,00:01:56
347,19,00:01:51,00:00:46
347,20,00:02:05,00:00:47
347,21,00:04:50,00:-1:-28
347,22,00:01:15,00:00:44
347,23,00:01:02,00:00:49
348,5,00:00:52,00:00:28
348,6,00:01:58,00:01:39
348,7,00:02:03,00:01:00
348,8,00:04:19,00:02:14
348,9,00:05:01,00:03:15
348,10,00:01:31,00:01:13
348,11,00:02:25,00:02:02
348,12,00:02:56,00:01:30
348,13,00:05:21,00:03:11
348,14,00:02:29,00:01:21
348,15,00:02:22,00:02:15
348,16,00:02:43,00:02:11
348,17,00:03:40,00:02:43
348,18,00:02:41,00:02:08
348,19,00:03:18,00:01:54
348,20,00:03:04,00:01:13
348,21,00:02:17,00:02:20
348,22,00:01:48,00:01:30
348,23,00:01:45,00:00:53
355E,6,00:00:35,00:01:21
355E,7,00:02:43,00:02:25
355E,8,00:07:07,00:07:52
355E,15,00:03:05,00:00:02
355E,16,00:03:59,00:06:01
355E,17,00:01:54,00:06:21
355E,18,00:01:56,00:05:44
355E,19,00:00:10,00:19:45
36,0,00:01:43,00:00:32
36,1,00:01:18,00:00:-22
36,2,00:04:46,00:-2:-10
36,3,00:00:49,00:-1:-25
36,4,00:01:14,00:00:22
36,5,00:02:42,00:00:09
36,6,00:02:20,00:00:54
36,7,00:02:03,00:00:44
36,8,00:02:20,00:01:34
36,9,00:02:48,00:01:45
36,10,00:02:20,00:01:13
36,11,00:02:16,00:00:50
36,12,00:02:55,00:01:21
36,13,00:03:28,00:01:06
36,14,00:02:42,00:00:55
36,15,00:02:46,00:00:50
36,16,00:02:45,00:00:49
36,17,00:03:37,00:00:58
36,18,00:03:30,00:01:29
36,19,00:02:09,00:01:44
36,20,00:03:26,00:02:17
36,21,00:03:35,00:01:44
36,22,00:01:58,00:00:46
36,23,00:04:05,00:02:34
37,16,00:01:47,00:02:00
37,17,00:05:26,00:07:38
37,18,00:05:35,00:09:00
372E,5,00:00:11,00:01:04
372E,6,00:05:52,00:05:51
372E,7,00:04:37,00:02:40
372E,8,00:04:14,00:03:10
372E,9,00:03:34,00:04:44
372E,10,00:07:26,00:08:07
372E,11,00:15:29,00:10:15
372E,12,00:14:06,00:08:13
372E,13,00:06:53,00:03:36
372E,14,00:07:35,00:03:30
372E,15,00:07:55,00:06:13
372E,16,00:06:33,00:06:10
372E,17,00:04:00,00:02:32
372E,18,00:03:59,00:05:04
372E,19,00:05:11,00:04:27
372E,20,00:10:05,00:06:05
372E,21,00:02:47,00:03:06
372E,22,00:00:38,00:04:19
373E,6,00:00:54,00:02:17
373E,7,00:02:24,00:01:10
373E,8,00:01:35,00:01:05
373E,9,00:00:47,00:00:46
373E,10,,00:00:09
373E,13,00:00:37,00:03:58
373E,14,00:01:33,00:02:52
373E,15,00:00:27,00:00:-19
373E,16,00:02:42,00:06:23
373E,17,00:06:44,00:06:04
373E,18,00:04:40,00:15:33
373E,19,00:00:27,00:-2:-31
37E,5,00:00:00,00:00:00
37E,6,00:01:33,00:00:47
37E,7,00:01:16,00:02:46
4,0,00:06:51,00:03:00
4,1,00:02:34,00:00:42
4,2,00:00:18,00:-2:-29
4,5,00:02:01,00:00:50
4,6,00:02:20,00:01:08
4,7,00:02:27,00:01:51
4,8,00:03:12,00:03:27
4,9,00:05:36,00:03:42
4,10,00:03:04,00:01:48
4,11,00:03:59,00:02:40
4,12,00:08:01,00:05:06
4,13,00:03:35,00:02:53
4,14,00:03:33,00:02:09
4,15,00:06:06,00:04:56
4,16,00:05:11,00:03:42
4,17,00:05:23,00:04:32
4,18,00:05:16,00:03:33
4,19,00:03:30,00:02:18
4,20,00:03:52,00:02:38
4,21,00:04:50,00:03:37
4,22,00:04:38,00:03:04
4,23,00:04:36,00:01:19
40,0,00:04:24,00:01:24
40,1,00:00:00,00:02:11
40,5,00:01:46,00:00:-21
40,6,00:05:03,00:02:44
40,7,00:03:17,00:02:10
40,8,00:04:17,00:04:15
40,9,00:06:03,00:04:28
40,10,00:06:32,00:05:17
40,11,00:06:40,00:04:25
40,12,00:08:11,00:05:16
40,13,00:06:06,00:04:11
40,14,00:06:37,00:04:48
40,15,00:07:08,00:05:38
40,16,00:07:00,00:05:40
40,17,00:05:16,00:04:00
40,18,00:05:46,00:05:29
40,19,00:06:34,00:04:48
40,20,00:07:53,00:06:20
40,21,00:07:42,00:04:42
40,22,00:07:49,00:04:45
40,23,00:10:01,00:04:24
402,4,00:00:29,00:00:17
402,5,00:00:22,00:00:08
402,6,00:02:40,00:01:56
402,7,00:06:28,00:06:20
402,8,00:01:24,00:00:-3
402,9,00:01:18,00:00:13
402,10,00:12:25,00:04:38
402,11,00:01:39,00:00:02
402,12,00:03:28,00:00:-28
402,13,00:16:33,00:14:34
402,14,00:05:36,00:04:02
402,15,00:06:48,00:06:40
402,16,00:09:11,00:06:00
402,17,00:13:06,00:05:37
402,18,00:07:08,00:00:10
402,19,00:00:00,00:02:00
402,20,00:00:00,00:-1:00
41,0,00:01:51,00:00:35
41,1,00:07:21,00:06:02
41,5,00:01:06,00:00:09
41,6,00:01:50,00:00:00
41,7,00:05:51,00:02:48
41,8,00:08:30,00:04:22
41,9,00:04:37,00:03:38
41,10,00:03:51,00:01:11
41,11,00:05:05,00:04:09
41,12,00:04:58,00:02:12
41,13,00:04:08,00:01:24
41,14,00:04:32,00:02:05
41,15,00:04:29,00:03:08
41,16,00:06:56,00:04:41
41,17,00:06:24,00:04:43
41,18,00:07:00,00:02:23
41,19,00:07:11,00:08:23
41,20,00:06:14,00:04:05
41,21,00:07:02,00:04:46
41,22,00:08:08,00:07:27
41,23,00:09:04,00:08:17
43,0,00:03:16,00:01:04
43,1,00:04:26,00:03:11
43,2,00:03:59,00:00:59
43,5,00:00:54,00:00:24
43,6,00:01:55,00:00:26
43,7,00:03:04,00:01:47
43,8,00:03:27,00:02:18
43,9,00:02:47,00:01:36
43,10,00:03:21,00:01:53
43,11,00:02:42,00:00:58
43,12,00:02:49,00:01:38
43,13,00:03:00,00:01:24
43,14,00:03:02,00:01:28
43,15,00:03:59,00:01:45
43,16,00:04:49,00:03:06
43,17,00:03:07,00:02:10
43,18,00:09:05,00:06:21
43,19,00:05:34,00:04:11
43,20,00:04:07,00:02:47
43,21,00:05:19,00:03:21
43,22,00:03:41,00:03:08
43,23,00:05:11,00:03:20
44,0,00:02:03,00:01:22
44,1,00:03:26,00:02:41
44,2,00:02:19,00:03:20
44,5,00:01:02,00:00:00
44,6,00:02:04,00:00:52
44,7,00:02:22,00:00:28
44,8,00:02:46,00:01:32
44,9,00:02:08,00:01:16
44,10,00:02:33,00:01:26
44,11,00:02:48,00:01:03
44,12,00:02:25,00:00:39
44,13,00:03:22,00:01:03
44,14,00:02:49,00:00:42
44,15,00:03:38,00:01:44
44,16,00:02:24,00:00:44
44,17,00:02:55,00:00:25
44,18,00:03:06,00:00:58
44,19,00:04:44,00:03:20
44,20,00:04:04,00:01:59
44,21,00:03:39,00:01:52
44,22,00:05:30,00:03:30
44,23,00:05:20,00:03:13
48,0,00:01:35,00:02:49
48,5,00:01:03,00:01:17
48,6,00:02:31,00:00:27
48,7,00:03:18,00:01:53
48,8,00:07:37,00:02:10
48,9,00:03:20,00:02:05
48,10,00:01:57,00:01:51
48,11,00:02:13,00:01:08
48,12,00:03:35,00:02:07
48,13,00:03:03,00:01:32
48,14,00:02:56,00:02:01
48,15,00:03:43,00:02:44
48,16,00:06:31,00:03:46
48,17,00:04:19,00:03:30
48,18,00:10:05,00:05:28
48,19,00:05:33,00:03:59
48,20,00:04:11,00:02:14
48,21,00:03:07,00:02:42
48,22,00:02:45,00:03:03
48,23,00:02:40,00:01:25
49,0,00:03:14,00:01:03
49,1,00:02:35,00:01:24
49,2,00:01:42,00:01:02
49,3,00:01:53,00:02:37
49,4,00:00:14,00:00:08
49,5,00:01:37,00:00:09
49,6,00:01:23,00:01:03
49,7,00:04:19,00:02:46
49,8,00:02:40,00:02:01
49,9,00:02:46,00:02:26
49,10,00:02:21,00:01:55
49,11,00:03:29,00:02:08
49,12,00:03:40,00:02:32
49,13,00:03:50,00:02:41
49,14,00:05:10,00:03:45
49,15,00:09:25,00:05:16
49,16,00:08:03,00:04:37
49,17,00:03:46,00:03:34
49,18,00:05:18,00:04:10
49,19,00:02:53,00:02:12
49,20,00:07:47,00:05:16
49,21,00:05:21,00:04:34
49,22,00:05:34,00:05:25
49,23,00:03:02,00:01:21
497,4,00:00:42,00:00:30
497,5,00:04:12,00:-6:-30
497,6,00:09:19,00:01:30
497,7,00:01:09,00:-1:-20
497,15,00:07:04,00:-4:00
497,16,00:09:15,00:04:30
497,17,00:02:07,00:01:30
497,18,00:19:47,00:15:00
5,0,00:06:47,00:00:-51
5,1,00:01:30,00:01:51
5,5,00:01:30,00:00:20
5,6,00:02:00,00:00:37
5,7,00:02:54,00:01:41
5,8,00:04:20,00:03:02
5,9,00:04:23,00:03:06
5,10,00:02:03,00:01:24
5,11,00:04:02,00:02:17
5,12,00:03:17,00:01:55
5,13,00:04:02,00:02:13
5,14,00:03:04,00:01:57
5,15,00:02:44,00:02:32
5,16,00:05:07,00:03:13
5,17,00:04:47,00:03:12
5,18,00:05:31,00:04:57
5,19,00:03:51,00:02:21
5,20,00:02:59,00:01:07
5,21,00:04:03,00:02:59
5,22,00:03:36,00:02:37
5,23,00:02:11,00:01:15
50,5,00:02:26,00:-1:-56
50,6,00:02:45,00:01:30
50,7,00:06:27,00:05:24
50,8,00:06:05,00:04:47
50,9,00:07:57,00:06:31
50,10,00:09:30,00:06:28
50,11,00:13:04,00:00:49
50,12,00:06:24,00:03:42
50,13,00:12:44,00:05:06
50,14,00:11:29,00:05:22
50,15,00:07:00,00:03:53
50,16,00:06:40,00:04:31
50,17,00:05:24,00:02:43
50,18,00:05:40,00:04:03
50,19,00:04:59,00:03:00
50,20,00:06:11,00:03:24
50,21,00:04:40,00:02:12
50,22,00:07:20,00:05:42
50,23,00:00:43,00:03:42
500,5,00:04:33,00:-2:-20
500,6,00:03:16,00:02:11
500,7,00:01:37,00:00:51
500,8,00:02:52,00:02:40
500,9,00:04:03,00:03:16
500,10,00:02:48,00:02:02
500,11,00:03:32,00:05:25
500,12,00:03:03,00:04:07
500,13,00:08:36,00:09:10
500,14,00:05:09,00:08:09
500,15,00:06:32,00:07:49
500,16,00:05:44,00:08:07
500,17,00:06:11,00:04:57
500,18,00:02:33,00:02:55
500,19,00:04:23,00:04:54
500,20,00:04:50,00:04:05
500,21,00:05:35,00:07:13
500,22,00:00:00,00:07:00
501,6,00:04:42,00:02:18
501,7,00:04:21,00:02:12
501,8,00:02:48,00:02:33
501,9,00:01:26,00:01:12
501,10,00:02:12,00:03:34
501,11,00:03:39,00:01:50
501,12,00:04:44,00:05:25
501,13,00:06:47,00:05:14
501,14,00:07:13,00:04:57
501,15,00:01:58,00:01:44
501,16,00:05:38,00:06:48
501,17,00:03:36,00:03:30
501,18,00:05:17,00:03:20
501,19,00:02:35,00:01:26
522E,0,00:00:00,00:00:-44
522E,5,00:01:26,00:01:22
522E,6,00:04:29,00:01:44
522E,7,00:03:38,00:01:18
522E,8,00:04:14,00:01:47
522E,9,00:02:47,00:00:56
522E,10,00:06:53,00:02:47
522E,11,00:05:35,00:02:30
522E,12,00:03:22,00:01:49
522E,13,00:03:45,00:01:59
522E,14,00:04:38,00:02:18
522E,15,00:04:15,00:00:55
522E,16,00:04:47,00:03:37
522E,17,00:06:21,00:03:35
522E,18,00:06:54,00:03:16
522E,19,00:05:43,00:04:21
522E,20,00:07:16,00:04:32
522E,21,00:03:51,00:03:05
522E,22,00:06:09,00:05:06
522E,23,00:05:27,00:03:19
540E,6,00:01:17,00:02:33
540E,7,00:02:29,00:02:26
540E,8,00:04:51,00:07:05
540E,9,00:03:28,00:04:18
540E,10,00:00:00,00:06:24
540E,14,00:03:49,00:04:11
540E,15,00:04:17,00:04:29
540E,16,00:05:38,00:06:30
540E,17,00:02:50,00:04:41
540E,18,00:03:32,00:04:26
540E,19,00:01:57,00:09:54
542E,5,00:00:12,00:00:46
542E,6,00:01:05,00:00:48
542E,7,00:01:42,00:01:24
542E,8,00:04:09,00:03:00
542E,9,00:02:30,00:02:32
542E,10,00:02:25,00:02:48
542E,14,00:01:55,00:03:36
542E,15,00:04:16,00:02:04
542E,16,00:05:18,00:02:46
542E,17,00:05:06,00:02:21
542E,18,00:07:48,00:04:21
542E,19,00:06:25,00:07:59
545E,4,00:00:25,00:00:22
545E,5,00:02:24,00:00:51
545E,6,00:02:59,00:01:33
545E,7,00:03:26,00:01:46
545E,8,00:04:23,00:02:41
545E,9,00:03:59,00:03:51
545E,10,00:04:29,00:02:59
545E,11,00:03:32,00:01:27
545E,12,00:03:34,00:01:24
545E,13,00:03:49,00:00:54
545E,14,00:04:52,00:02:07
545E,15,00:03:30,00:03:03
545E,16,00:04:21,00:02:12
545E,17,00:09:46,00:00:11
545E,18,00:05:33,00:03:07
545E,19,00:03:39,00:02:11
545E,20,00:05:30,00:02:45
545E,21,00:05:09,00:04:27
545E,22,00:04:45,00:04:17
545E,23,00:05:12,00:02:52
55,6,00:01:08,00:00:-15
55,7,00:02:53,00:01:30
55,8,00:00:54,00:01:21
55,16,00:03:34,00:03:16
55,17,00:02:56,00:04:56
55,18,00:05:56,00:01:54
550E,0,00:00:38,00:-1:-21
550E,5,00:02:28,00:00:28
550E,6,00:02:34,00:01:22
550E,7,00:02:27,00:01:50
550E,8,00:01:46,00:00:44
550E,9,00:03:23,00:01:36
550E,10,00:02:13,00:00:-47
550E,11,00:02:03,00:00:-14
550E,12,00:01:54,00:00:24
550E,13,00:02:30,00:01:05
550E,14,00:02:00,00:00:28
550E,15,00:04:06,00:01:19
550E,16,00:04:11,00:02:54
550E,17,00:04:00,00:02:09
550E,18,00:08:21,00:03:32
550E,19,00:09:18,00:06:40
550E,20,00:04:09,00:02:07
550E,21,00:02:06,00:00:40
550E,22,00:02:44,00:01:22
550E,23,00:00:52,00:00:19
554E,4,00:00:50,00:00:-25
554E,5,00:03:23,00:02:17
554E,6,00:03:32,00:03:22
554E,7,00:04:37,00:04:06
554E,8,00:06:52,00:04:36
554E,9,00:07:58,00:04:44
554E,10,00:07:28,00:03:41
554E,11,00:04:41,00:02:10
554E,12,00:04:29,00:03:50
554E,13,00:04:03,00:02:22
554E,14,00:05:06,00:04:21
554E,15,00:05:37,00:04:58
554E,16,00:05:25,00:05:23
554E,17,00:05:04,00:03:57
554E,18,00:05:59,00:05:21
554E,19,00:07:36,00:06:13
554E,20,00:07:14,00:05:39
554E,21,00:11:39,00:05:50
554E,22,00:05:53,00:04:40
554E,23,00:04:24,00:02:20
555E,5,00:00:42,00:01:40
555E,6,00:02:28,00:00:-24
555E,7,00:03:36,00:02:22
555E,8,00:02:39,00:03:22
555E,9,00:03:07,00:03:20
555E,14,00:00:24,00:01:54
555E,15,00:04:46,00:01:09
555E,16,00:09:00,00:08:22
555E,17,00:07:23,00:07:49
555E,18,00:07:34,00:06:54
555E,19,00:00:51,00:13:18
556E,5,00:01:54,00:-1:-9
556E,6,00:01:15,00:00:37
556E,7,00:04:00,00:02:05
556E,8,00:01:45,00:01:11
556E,9,00:01:02,00:03:31
556E,14,00:00:16,00:04:20
556E,15,00:07:40,00:02:27
556E,16,00:05:02,00:05:52
556E,17,00:03:54,00:03:45
556E,18,00:06:12,00:04:22
556E,19,00:04:15,00:15:41
56,5,00:00:07,00:03:44
56,6,00:01:01,00:07:18
56,7,00:04:45,00:01:18
56,8,00:01:22,00:08:31
56,9,00:00:00,00:05:44
56,15,00:01:22,00:08:09
56,16,00:05:09,00:06:11
56,17,00:00:55,00:12:15
56,18,00:04:14,00:09:29
56,19,00:00:00,00:08:36
560,4,00:07:18,00:-2:-56
560,5,00:07:03,00:-2:-52
560,6,00:06:08,00:00:-35
560,7,00:03:58,00:01:32
560,8,00:03:12,00:01:37
560,9,00:03:19,00:00:48
560,10,00:03:41,00:01:03
560,11,00:03:35,00:00:40
560,12,00:03:06,00:02:24
560,13,00:02:42,00:02:07
560,14,00:05:38,00:03:22
560,15,00:05:19,00:02:15
560,16,00:03:43,00:04:11
560,17,00:04:57,00:05:31
560,18,00:03:46,00:03:03
560,19,00:04:50,00:01:33
560,20,00:04:22,00:00:03
560,21,00:05:41,00:02:27
560,22,00:06:04,00:02:42
560,23,00:03:09,00:03:49
566,4,00:06:45,00:-2:-40
566,5,00:04:00,00:02:12
566,6,00:10:00,00:01:07
566,7,00:06:43,00:07:01
566,8,00:06:14,00:05:47
566,9,00:10:27,00:08:01
566,10,00:06:00,00:03:51
566,11,00:08:28,00:07:06
566,12,00:04:31,00:05:10
566,13,00:02:57,00:01:49
566,14,00:02:09,00:00:25
566,15,00:04:36,00:01:44
566,16,00:04:47,00:03:18
566,17,00:03:26,00:01:44
566,18,00:04:40,00:00:28
566,19,00:01:19,00:00:-39
566,20,00:01:03,00:00:-25
566,21,00:01:59,00:00:32
566,22,00:00:00,00:03:00
567,5,00:01:55,00:00:-13
567,6,00:04:19,00:00:56
567,7,00:06:44,00:05:18
567,8,00:18:11,00:-3:00
567,14,00:04:01,00:-3:-45
567,15,00:08:49,00:-6:-20
567,16,00:03:02,00:00:-28
567,17,00:02:07,00:-2:-30
57,6,00:00:33,00:00:17
57,7,00:02:20,00:01:15
57,8,00:04:44,00:05:19
57,15,00:00:19,00:08:07
57,16,00:07:30,00:08:53
57,17,00:04:30,00:10:45
57,18,00:00:30,00:09:52
574,2,00:00:59,00:-1:-20
574,3,00:01:34,00:00:22
574,4,00:01:46,00:00:00
574,5,00:02:22,00:01:16
574,6,00:06:06,00:04:03
574,7,00:04:41,00:01:23
574,8,00:02:54,00:02:45
574,9,00:03:08,00:00:-38
574,10,00:01:50,00:00:53
574,11,00:11:56,00:03:58
574,12,00:03:19,00:01:40
574,13,00:04:12,00:01:54
574,14,00:06:37,00:03:47
574,15,00:05:25,00:05:26
574,16,00:06:09,00:06:08
574,17,00:03:42,00:02:28
574,18,00:05:05,00:03:56
574,19,00:02:09,00:01:20
574,20,00:03:24,00:02:14
574,21,00:01:23,00:01:04
574,22,00:02:23,00:01:32
574,23,00:04:10,00:00:50
577,4,00:00:42,00:-3:-30
577,5,00:01:19,00:00:06
577,6,00:03:48,00:02:55
577,7,00:06:00,00:05:07
577,8,00:03:55,00:00:15
577,9,00:04:42,00:02:00
577,10,00:17:27,00:17:00
577,11,00:07:42,00:03:36
577,12,00:20:02,00:19:05
577,13,00:21:50,00:18:33
577,14,00:09:22,00:01:24
577,15,00:09:10,00:00:-19
577,16,00:15:31,00:07:38
577,17,00:15:52,00:14:00
577,18,00:10:59,00:11:00
577,19,00:19:33,00:12:19
577,20,00:01:29,00:00:20
577,21,00:00:48,00:00:21
578,4,00:01:37,00:-2:-41
578,5,00:01:46,00:-3:-22
578,6,00:01:24,00:00:-32
578,7,00:02:12,00:00:-33
578,8,00:04:01,00:00:53
578,9,00:04:34,00:02:21
578,10,00:03:11,00:00:-29
578,11,00:04:53,00:01:40
578,12,00:04:30,00:00:-26
578,13,00:05:08,00:00:-25
578,14,00:03:58,00:02:22
578,15,00:05:25,00:02:23
578,16,00:05:18,00:01:33
578,17,00:03:14,00:01:43
578,18,00:04:44,00:02:29
578,19,00:05:03,00:02:10
578,20,00:06:08,00:00:-25
578,21,00:02:42,00:01:11
578,22,00:05:25,00:00:37
578,23,00:01:05,00:00:48
586,6,00:03:03,00:04:12
586,7,00:05:46,00:05:31
586,8,00:08:03,00:04:58
586,9,00:02:40,00:03:12
586,10,00:12:11,00:10:54
586,11,00:00:28,00:00:-42
586,12,00:01:18,00:01:41
586,13,00:11:54,00:-12:-11
586,14,00:09:33,00:-6:-45
586,15,00:08:14,00:-4:-48
586,16,00:05:43,00:-3:-56
586,17,00:06:33,00:04:43
586,18,00:00:00,00:00:00
590,4,00:02:26,00:01:46
590,5,00:03:09,00:00:47
590,6,00:03:02,00:02:05
590,7,00:03:35,00:02:48
590,8,00:03:45,00:02:23
590,9,00:00:36,00:-1:-34
590,14,00:01:19,00:01:00
590,15,00:05:18,00:-1:-25
590,16,00:06:36,00:02:18
590,17,00:03:24,00:02:15
590,18,00:08:16,00:09:12
592,5,00:03:07,00:-3:00
592,6,00:06:54,00:05:09
592,7,00:02:51,00:01:17
592,8,00:04:24,00:00:43
592,14,00:10:18,00:-7:-28
592,15,00:08:32,00:-5:-58
592,16,00:04:37,00:00:-13
592,17,00:04:07,00:01:37
592,18,00:08:16,00:09:47
594,5,00:01:02,00:00:55
594,6,00:02:30,00:-1:-51
594,7,00:03:47,00:00:-27
594,8,00:03:18,00:00:50
594,9,00:03:17,00:00:44
594,10,00:03:17,00:00:38
594,11,00:08:24,00:02:46
594,12,00:13:27,00:03:48
594,13,00:03:54,00:01:14
594,14,00:05:03,00:02:02
594,15,00:07:20,00:05:15
594,16,00:05:44,00:05:26
594,17,00:04:37,00:03:34
594,18,00:06:08,00:03:57
594,19,00:02:29,00:00:05
594,20,00:05:31,00:00:-2
594,21,00:03:37,00:00:-11
594,22,00:03:45,00:00:-44
594,23,00:02:55,00:-1:-7
595,5,00:08:32,00:04:41
595,6,00:08:41,00:09:08
595,7,00:03:23,00:10:19
595,14,00:00:25,00:-12:-12
595,15,00:04:38,00:-1:-49
595,16,00:04:14,00:00:28
595,17,00:00:00,00:03:00
5E,6,00:01:02,00:01:17
5E,7,00:02:29,00:03:49
5E,8,00:02:33,00:07:08
5E,16,00:02:45,00:02:32
5E,17,00:05:56,00:06:37
5E,18,00:12:15,00:25:19
60,5,00:01:12,00:00:-38
60,6,00:01:17,00:00:28
60,7,00:02:59,00:02:33
60,8,00:03:11,00:02:05
60,9,00:02:27,00:01:54
60,10,00:02:05,00:00:29
60,11,00:02:58,00:02:05
60,12,00:02:59,00:01:51
60,13,00:03:28,00:03:33
60,14,00:03:18,00:02:53
60,15,00:03:31,00:02:43
60,16,00:04:09,00:03:34
60,17,00:02:33,00:02:11
60,18,00:03:38,00:02:41
60,19,00:03:24,00:02:47
60,20,00:02:54,00:04:45
60,21,00:02:06,00:01:55
60,22,00:01:47,00:01:10
60,23,00:02:09,00:02:21
601E,6,00:03:36,00:03:05
601E,7,00:03:35,00:08:23
601E,8,00:12:32,00:17:56
601E,16,00:00:34,00:-2:-21
62,5,00:00:34,00:00:30
62,6,00:00:34,00:00:-20
62,7,,00:02:00
62,16,,00:00:00
62,17,,00:04:00
62,18,00:07:04,00:-5:00
64E,5,00:02:59,00:-2:-14
64E,6,00:02:13,00:02:55
64E,7,00:01:58,00:03:34
64E,8,00:04:17,00:14:19
64E,15,00:00:10,00:00:25
64E,16,00:02:57,00:03:11
64E,17,00:04:30,00:08:31
64E,18,00:03:53,00:06:37
65,5,00:00:22,00:00:39
65,6,00:02:33,00:01:49
65,7,00:02:30,00:02:14
65,8,00:04:54,00:03:21
65,9,00:06:40,00:03:48
65,10,00:09:28,00:05:18
65,11,00:03:40,00:01:32
65,12,00:06:07,00:05:04
65,13,00:02:15,00:01:36
65,14,00:02:58,00:02:08
65,15,00:03:20,00:02:58
65,16,00:03:18,00:03:34
65,17,00:04:26,00:03:48
65,18,00:03:45,00:03:03
65,19,00:06:53,00:06:30
65,20,00:06:21,00:04:44
65,21,00:07:39,00:03:40
65,22,00:01:42,00:03:30
65,23,00:07:56,00:06:44
661,7,00:01:04,00:01:57
661,8,00:06:44,00:07:59
661,9,00:00:26,00:01:24
661,15,00:05:25,00:02:03
661,16,00:04:20,00:00:12
66E,0,00:01:40,00:02:11
66E,1,00:01:44,00:00:30
66E,5,00:00:31,00:00:24
66E,6,00:02:15,00:00:48
66E,7,00:07:14,00:03:44
66E,8,00:06:48,00:03:48
66E,9,00:03:38,00:02:19
66E,10,00:03:32,00:00:57
66E,11,00:02:20,00:01:04
66E,12,00:03:48,00:01:08
66E,13,00:03:05,00:00:54
66E,14,00:03:32,00:00:43
66E,15,00:02:04,00:01:31
66E,16,00:02:01,00:00:11
66E,17,00:05:16,00:02:11
66E,18,00:04:40,00:01:56
66E,19,00:09:12,00:03:37
66E,20,00:02:45,00:01:15
66E,21,00:09:18,00:04:03
66E,22,00:10:37,00:02:56
66E,23,00:05:39,00:02:32
67,6,00:00:59,00:00:-56
67,7,00:02:56,00:00:43
67,8,00:03:41,00:01:34
67,9,00:02:36,00:00:49
67,10,00:01:01,00:00:-10
67,11,00:01:49,00:00:02
67,12,00:01:21,00:00:31
67,13,00:04:00,00:02:20
67,14,00:02:22,00:-1:-15
67,15,00:02:24,00:00:33
67,16,00:04:32,00:00:53
67,17,00:02:20,00:01:21
67,18,00:00:25,00:00:-20
67,19,00:01:30,00:01:13
67,20,00:01:38,00:00:09
67,21,00:02:34,00:02:32
67,22,00:00:00,00:-3:-54
68,6,00:00:35,00:00:-10
68,7,00:01:30,00:01:42
68,8,00:03:32,00:03:17
68,9,00:03:11,00:02:15
68,10,00:01:37,00:01:03
68,11,00:02:56,00:02:25
68,12,00:03:30,00:03:04
68,13,00:04:44,00:02:06
68,14,00:03:05,00:02:36
68,15,00:03:26,00:02:55
68,16,00:03:55,00:03:11
68,17,00:04:15,00:02:19
68,18,00:03:26,00:01:11
68,19,00:00:17,00:01:14
7,0,00:03:08,00:01:09
7,1,00:01:13,00:00:03
7,2,00:01:58,00:00:-11
7,3,00:01:37,00:01:10
7,4,00:03:06,00:00:20
7,5,00:02:36,00:00:-16
7,6,00:02:26,00:00:33
7,7,00:03:14,00:01:59
7,8,00:05:19,00:02:52
7,9,00:04:13,00:02:35
7,10,00:04:37,00:03:22
7,11,00:04:58,00:02:16
7,12,00:04:58,00:03:20
7,13,00:04:06,00:02:49
7,14,00:04:25,00:03:11
7,15,00:04:05,00:02:59
7,16,00:04:37,00:02:40
7,17,00:04:25,00:04:13
7,18,00:06:25,00:04:32
7,19,00:04:55,00:03:01
7,20,00:05:38,00:02:46
7,21,00:06:33,00:05:01
7,22,00:05:41,00:04:17
7,23,00:03:28,00:01:31
70,6,00:01:49,00:01:58
70,7,00:02:46,00:01:33
70,8,00:03:54,00:02:41
70,9,00:03:06,00:02:13
70,10,00:02:37,00:01:53
70,11,00:11:08,00:02:37
70,12,00:03:09,00:01:08
70,13,00:02:28,00:00:52
70,14,00:03:27,00:01:25
70,15,00:08:18,00:04:41
70,16,00:07:41,00:04:43
70,17,00:03:42,00:01:55
70,18,00:10:39,00:08:56
70,19,00:12:20,00:15:50
70,20,00:00:00,00:14:26
71,0,00:02:11,00:01:03
71,1,00:00:37,00:01:47
71,2,00:00:00,00:03:14
71,6,00:03:54,00:03:38
71,7,00:12:06,00:07:55
71,8,00:02:00,00:01:58
71,9,00:01:13,00:00:51
71,10,00:03:58,00:02:15
71,11,00:02:02,00:01:22
71,12,00:02:38,00:02:32
71,13,00:04:15,00:00:-37
71,14,00:01:33,00:01:28
71,15,00:02:44,00:03:23
71,16,00:04:22,00:04:06
71,17,00:01:46,00:02:17
71,18,00:02:32,00:02:59
71,19,00:05:59,00:04:49
71,20,00:08:36,00:06:27
71,21,00:05:35,00:06:53
71,22,00:07:47,00:06:10
71,23,00:03:06,00:01:46
71E,5,00:00:59,00:00:01
71E,6,00:02:27,00:00:53
71E,7,00:02:06,00:02:13
71E,8,00:02:16,00:02:31
71E,9,00:03:59,00:03:52
71E,10,00:02:13,00:03:05
71E,11,00:02:30,00:02:21
71E,12,00:02:42,00:02:00
71E,13,00:03:57,00:02:51
71E,14,00:03:14,00:00:49
71E,15,00:03:20,00:01:46
71E,16,00:06:15,00:04:34
71E,17,00:08:45,00:06:53
71E,18,00:08:20,00:06:15
71E,19,00:10:29,00:19:09
72,0,00:07:30,00:04:28
72,1,00:01:24,00:00:40
72,2,00:00:00,00:00:33
72,5,00:02:00,00:-1:-13
72,6,00:05:37,00:03:14
72,7,00:03:08,00:03:03
72,8,00:03:22,00:04:37
72,9,00:03:23,00:06:11
72,10,00:02:45,00:04:26
72,11,00:02:46,00:03:28
72,12,00:04:48,00:02:48
72,13,00:04:45,00:02:52
72,14,00:04:55,00:02:36
72,15,00:07:06,00:05:44
72,16,00:03:55,00:04:04
72,17,00:02:20,00:05:16
72,18,00:01:02,00:12:59
72,19,00:10:12,00:11:11
72,20,00:06:54,00:06:17
72,21,00:04:53,00:04:14
72,22,00:04:54,00:05:18
72,23,00:10:56,00:00:-12
72E,6,00:01:28,00:00:55
72E,7,00:02:08,00:05:06
72E,8,00:02:58,00:06:18
72E,9,00:05:36,00:07:54
72E,10,00:07:19,00:06:39
72E,11,00:06:25,00:04:37
72E,12,00:05:18,00:01:54
72E,13,00:05:22,00:03:21
72E,14,00:04:16,00:02:01
72E,15,00:03:26,00:03:20
72E,16,00:04:03,00:06:39
72E,17,00:10:05,00:12:04
72E,18,00:06:23,00:12:15
72E,19,00:12:25,00:11:40
73,0,00:01:43,00:01:42
73,1,00:04:01,00:03:38
73,5,00:02:55,00:01:01
73,6,00:01:33,00:01:07
73,7,00:02:18,00:00:46
73,8,00:01:34,00:00:46
73,9,00:02:38,00:00:56
73,10,00:05:03,00:01:31
73,11,00:03:46,00:01:55
73,12,00:03:38,00:01:19
73,13,00:03:11,00:03:03
73,14,00:02:43,00:03:42
73,15,00:03:19,00:04:17
73,16,00:01:49,00:02:01
73,17,00:04:41,00:05:17
73,18,00:03:14,00:03:58
73,19,00:03:23,00:03:05
73,20,00:07:20,00:06:18
73,21,00:07:19,00:07:03
73,22,00:05:09,00:04:33
73,23,00:05:02,00:04:47
73E,6,00:01:36,00:-1:-15
73E,7,00:01:27,00:00:10
73E,8,00:01:32,00:00:-17
73E,9,00:03:30,00:02:36
73E,10,00:02:22,00:02:59
73E,11,00:02:14,00:00:55
73E,12,00:02:56,00:01:06
73E,13,00:03:14,00:00:05
73E,14,00:02:35,00:00:15
73E,15,00:02:30,00:00:35
73E,16,00:05:04,00:03:16
73E,17,00:08:54,00:04:02
73E,18,00:04:34,00:04:59
73E,19,00:04:53,00:07:53
74E,6,00:00:27,00:00:-4
74E,7,00:00:45,00:01:53
74E,8,00:00:16,00:04:08
74E,9,00:00:25,00:02:04
74E,10,00:00:40,00:01:08
74E,14,00:00:00,00:00:00
74E,15,00:00:37,00:00:-11
74E,16,00:07:05,00:03:25
74E,17,00:03:54,00:03:56
74E,19,00:01:08,00:04:16
75,0,00:02:52,00:02:30
75,5,00:01:32,00:01:25
75,6,00:06:12,00:01:52
75,7,00:03:49,00:02:33
75,8,00:03:43,00:02:40
75,9,00:04:05,00:03:04
75,10,00:02:52,00:01:40
75,11,00:07:19,00:05:39
75,12,00:03:10,00:02:39
75,13,00:04:24,00:04:55
75,14,00:05:03,00:04:55
75,15,00:04:46,00:03:23
75,16,00:03:07,00:02:17
75,17,00:04:23,00:02:44
75,18,00:06:17,00:04:45
75,19,00:05:04,00:04:46
75,20,00:04:35,00:03:57
75,21,00:03:59,00:04:27
75,22,00:03:59,00:03:54
75,23,00:03:11,00:02:28
76,6,00:01:49,00:00:-3
76,7,00:02:40,00:01:06
76,8,00:02:52,00:03:37
76,15,00:06:01,00:01:59
76,16,00:05:11,00:04:27
76,17,00:05:16,00:05:51
76,18,00:04:20,00:07:45
76,19,00:00:39,00:03:14
77E,6,00:01:15,00:00:46
77E,7,00:01:38,00:01:55
77E,8,00:01:01,00:02:14
77E,15,00:00:00,00:00:-50
77E,16,00:06:46,00:04:14
77E,17,00:04:21,00:-1:-30
77E,18,00:05:34,00:07:39
8,0,00:01:16,00:00:-27
8,5,00:01:32,00:00:-6
8,6,00:02:44,00:00:26
8,7,00:04:55,00:03:00
8,8,00:05:00,00:05:42
8,9,00:04:16,00:03:57
8,10,00:03:50,00:02:30
8,11,00:04:58,00:04:38
8,12,00:04:57,00:04:03
8,13,00:07:47,00:05:25
8,14,00:07:05,00:05:08
8,15,00:08:24,00:05:55
8,16,00:08:52,00:08:08
8,17,00:06:30,00:07:05
8,18,00:07:20,00:06:17
8,19,00:07:14,00:06:24
8,20,00:05:19,00:06:20
8,21,00:06:23,00:06:15
8,22,00:06:34,00:07:17
8,23,00:04:26,00:03:18
82,2,00:00:56,00:01:21
82,3,00:01:08,00:01:12
82,4,00:00:39,00:02:23
823,6,00:00:51,00:06:04
823,7,00:00:00,00:-3:-38
823,13,00:00:00,00:14:41
823,15,00:05:18,00:08:20
824,7,00:01:09,00:-2:-49
824,13,00:00:09,00:09:52
824,15,00:00:38,00:03:09
83,2,00:02:38,00:02:06
83,3,00:01:04,00:01:54
83,4,00:04:34,00:09:11
84,2,00:01:13,00:01:11
84,3,00:01:55,00:01:49
84,4,00:01:11,00:00:-51
887,6,00:00:40,00:03:14
887,7,00:00:13,00:02:48
887,13,00:00:46,00:06:02
887,15,00:00:57,00:00:59
888,6,00:00:51,00:01:15
888,7,00:00:00,00:00:48
888,13,00:00:08,00:23:05
888,15,00:00:52,00:08:07
889,6,00:00:14,00:00:50
889,7,,00:-1:-21
889,13,00:00:09,00:15:55
889,15,00:00:48,00:02:33
891,7,00:00:10,00:00:-4
891,14,00:00:35,00:09:47
891,15,00:02:36,00:05:46
892,7,00:00:00,00:00:32
892,14,00:00:06,00:12:57
892,15,00:04:44,00:03:33
893,7,00:00:34,00:04:15
893,13,00:00:00,00:03:02
893,15,00:00:00,00:05:42
894,7,00:00:00,00:00:-23
894,14,00:00:00,00:14:28
894,15,00:02:27,00:06:52
895E,6,00:00:00,00:00:59
895E,7,,00:-1:-40
952E,4,00:00:35,00:04:35
952E,5,00:03:00,00:01:17
952E,6,00:01:14,00:00:58
952E,7,00:00:00,00:03:23
952E,14,00:00:00,00:06:21
952E,15,00:04:47,00:03:18
952E,16,00:05:13,00:06:23
952E,17,00:00:26,00:-2:-45
952E,18,00:00:00,00:14:07
980E,7,00:01:58,00:05:13
981E,17,,00:00:00
981E,18,00:00:14,00:-6:-34
981E,19,00:00:00,00:09:48
982E,7,00:02:03,00:01:24
982E,15,00:04:59,00:03:57
982E,16,,00:17:28
984E,18,00:00:14,00:05:05
986E,7,00:01:39,00:00:-48
986E,15,00:04:38,00:04:46
986E,16,,00:15:56
987E,7,00:02:54,00:-1:-18
987E,15,00:00:17,00:10:14
987E,16,00:05:17,00:21:04
988E,7,00:00:35,00:01:04
988E,15,00:00:24,00:10:20
988E,16,00:06:49,00:19:59
989E,7,00:02:23,00:04:18
989E,15,00:00:46,00:09:40
989E,16,00:04:45,00:17:29
99,6,00:01:09,00:01:06
99,7,00:01:40,00:00:51
99,8,00:02:12,00:03:01
99,9,00:00:00,00:04:26
99,14,00:02:11,00:02:03
99,15,00:01:37,00:01:06
99,16,00:04:43,00:02:03
99,17,00:05:11,00:03:45
99,18,00:08:59,00:08:26
994E,6,00:00:37,00:01:03
994E,7,00:04:03,00:03:20
994E,15,00:00:45,00:05:39
994E,16,00:05:03,00:15:19
995E,7,00:01:27,00:00:-57
995E,15,00:01:30,00:00:40
995E,16,00:00:00,00:13:40
9E,6,00:06:42,00:08:05
9E,7,00:06:07,00:06:40
9E,8,00:08:53,00:08:06
9E,9,00:11:49,00:12:01
9E,10,00:16:05,00:20:49
9E,11,00:06:31,00:04:11
9E,12,00:01:30,00:01:23
9E,13,00:02:08,00:02:15
9E,14,00:02:27,00:03:27
9E,15,00:02:48,00:04:04
9E,16,00:06:21,00:07:13
9E,17,00:10:03,00:13:40
9E,18,00:10:59,00:07:00
9E,19,00:02:59,00:03:22
A Line,0,00:04:32,00:03:09
A Line,1,00:02:08,00:02:33
A Line,2,00:01:34,00:01:44
A Line,3,00:01:16,00:01:44
A Line,4,00:09:52,00:04:52
A Line,5,00:03:14,00:00:-15
A Line,6,00:02:10,00:01:17
A Line,7,00:02:30,00:01:31
A Line,8,00:02:55,00:01:55
A Line,9,00:02:22,00:01:35
A Line,10,00:04:07,00:02:11
A Line,11,00:02:01,00:01:34
A Line,12,00:02:47,00:02:15
A Line,13,00:03:17,00:02:26
A Line,14,00:02:46,00:02:08
A Line,15,00:02:20,00:01:10
A Line,16,00:06:23,00:03:31
A Line,17,00:07:59,00:03:35
A Line,18,00:02:55,00:02:26
A Line,19,00:03:19,00:02:50
A Line,20,00:03:16,00:02:51
A Line,21,00:03:48,00:02:30
A Line,22,00:02:46,00:02:37
A Line,23,00:02:52,00:03:06
B Line,0,00:01:23,00:00:58
B Line,4,00:01:34,00:01:35
B Line,5,00:01:37,00:01:56
B Line,6,00:02:28,00:02:22
B Line,7,00:02:31,00:02:16
B Line,8,00:03:17,00:01:55
B Line,9,00:04:47,00:02:45
B Line,10,00:03:07,00:01:17
B Line,11,00:02:23,00:01:15
B Line,12,00:03:01,00:01:47
B Line,13,00:02:55,00:01:57
B Line,14,00:02:46,00:01:27
B Line,15,00:02:57,00:01:52
B Line,16,00:03:28,00:01:44
B Line,17,00:03:21,00:01:55
B Line,18,00:03:33,00:02:36
B Line,19,00:02:28,00:02:11
B Line,20,00:02:35,00:01:34
B Line,21,00:02:13,00:01:33
B Line,22,00:02:29,00:01:37
B Line,23,00:02:15,00:00:00
C Line,0,00:02:50,00:01:38
C Line,1,00:02:12,00:00:32
C Line,2,00:01:54,00:01:33
C Line,3,00:01:44,00:01:35
C Line,4,00:04:27,00:03:51
C Line,5,00:00:58,00:00:57
C Line,6,00:01:59,00:00:32
C Line,7,00:02:00,00:01:05
C Line,8,00:03:31,00:02:09
C Line,9,00:04:23,00:02:41
C Line,10,00:04:33,00:03:07
C Line,11,00:04:24,00:04:27
C Line,12,00:04:24,00:03:09
C Line,13,00:04:18,00:03:31
C Line,14,00:04:59,00:04:04
C Line,15,00:04:50,00:04:02
C Line,16,00:03:56,00:02:45
C Line,17,00:04:04,00:03:24
C Line,18,00:03:49,00:02:55
C Line,19,00:03:26,00:02:07
C Line,20,00:05:44,00:03:44
C Line,21,00:03:47,00:03:16
C Line,22,00:04:41,00:04:47
C Line,23,00:04:23,00:03:50
D Line,0,00:01:41,00:02:23
D Line,1,00:02:08,00:01:48
D Line,2,00:01:44,00:00:02
D Line,3,00:02:22,00:00:49
D Line,4,00:03:57,00:03:44
D Line,5,00:01:30,00:00:37
D Line,6,00:02:45,00:01:00
D Line,7,00:03:17,00:02:22
D Line,8,00:02:53,00:01:50
D Line,9,00:03:18,00:01:35
D Line,10,00:03:22,00:01:13
D Line,11,00:03:12,00:01:41
D Line,12,00:04:05,00:01:09
D Line,13,00:02:25,00:01:40
D Line,14,00:03:24,00:01:27
D Line,15,00:03:23,00:01:23
D Line,16,00:03:11,00:01:28
D Line,17,00:03:43,00:01:04
D Line,18,00:07:40,00:04:35
D Line,19,00:03:21,00:01:11
D Line,20,00:03:11,00:01:35
D Line,21,00:03:21,00:02:32
D Line,22,00:03:54,00:02:25
D Line,23,00:03:49,00:02:39
E Line,0,00:03:55,00:01:52
E Line,1,00:03:01,00:00:33
E Line,2,00:02:48,00:00:53
E Line,3,00:02:01,00:03:06
E Line,4,00:02:54,00:00:48
E Line,5,00:01:22,00:01:36
E Line,6,00:02:33,00:01:32
E Line,7,00:03:13,00:00:38
E Line,8,00:03:16,00:02:19
E Line,9,00:03:08,00:02:00
E Line,10,00:03:14,00:01:31
E Line,11,00:03:00,00:02:04
E Line,12,00:03:28,00:02:22
E Line,13,00:04:03,00:01:56
E Line,14,00:03:38,00:02:01
E Line,15,00:04:27,00:03:08
E Line,16,00:05:02,00:03:55
E Line,17,00:07:22,00:04:45
E Line,18,00:07:17,00:04:44
E Line,19,00:03:10,00:01:34
E Line,20,00:03:30,00:02:16
E Line,21,00:03:53,00:01:36
E Line,22,00:03:45,00:03:05
E Line,23,00:02:19,00:01:39
F Line,0,00:01:18,00:00:06
F Line,5,00:02:01,00:00:36
F Line,6,00:04:05,00:00:-4
F Line,7,00:01:47,00:01:21
F Line,8,00:01:49,00:00:52
F Line,9,00:03:25,00:00:16
F Line,10,00:02:49,00:00:-14
F Line,11,00:03:01,00:00:04
F Line,12,00:04:43,00:00:04
F Line,13,00:03:05,00:01:29
F Line,14,00:04:56,00:01:55
F Line,15,00:03:39,00:01:32
F Line,16,00:01:59,00:00:58
F Line,17,00:02:16,00:00:37
F Line,18,00:03:50,00:00:35
F Line,19,00:02:08,00:00:57
F Line,20,00:02:41,00:01:41
F Line,21,00:03:14,00:01:50
F Line,22,00:02:01,00:01:05
F Line,23,00:02:30,00:00:33
