98001,0,00:02:00,00:03:35
98001,3,00:00:00,00:00:50
98001,4,00:01:44,00:01:08
98001,5,00:02:17,00:01:58
98001,6,00:01:47,00:02:08
98001,7,00:02:06,00:03:45
98001,8,00:05:41,00:03:57
98001,9,00:02:38,00:03:27
98001,10,00:02:59,00:02:33
98001,11,00:04:13,00:04:38
98001,12,00:05:29,00:05:34
98001,13,00:01:55,00:02:34
98001,14,00:05:13,00:04:13
98001,15,00:03:24,00:03:55
98001,16,00:04:37,00:05:42
98001,17,00:09:30,00:08:25
98001,18,00:04:12,00:03:57
98001,19,00:02:54,00:02:37
98001,20,00:02:51,00:03:28
98001,21,00:01:43,00:02:39
98001,22,00:02:27,00:03:47
98001,23,00:03:12,00:04:24
98002,0,00:01:32,00:04:16
98002,1,00:00:00,00:00:52
98002,3,00:00:17,00:00:52
98002,4,00:00:37,00:00:24
98002,5,00:01:21,00:02:07
98002,6,00:01:29,00:03:01
98002,7,00:02:20,00:03:23
98002,8,00:09:21,00:06:06
98002,9,00:03:48,00:04:31
98002,10,00:02:32,00:02:47
98002,11,00:02:37,00:03:13
98002,12,00:03:22,00:04:14
98002,13,00:02:16,00:03:45
98002,14,00:06:19,00:04:55
98002,15,00:05:14,00:05:45
98002,16,00:06:17,00:08:00
98002,17,00:04:09,00:04:12
98002,18,00:03:54,00:04:52
98002,19,00:03:44,00:04:13
98002,20,00:03:13,00:04:15
98002,21,00:02:36,00:03:35
98002,22,00:03:07,00:03:32
98002,23,00:03:09,00:04:27
98003,0,00:04:33,00:05:11
98003,1,00:02:03,00:04:06
98003,2,00:01:44,00:02:24
98003,3,00:01:00,00:01:33
98003,4,00:09:43,00:06:03
98003,5,00:01:32,00:02:06
98003,6,00:02:23,00:03:00
98003,7,00:03:56,00:04:05
98003,8,00:02:49,00:03:33
98003,9,00:02:38,00:03:05
98003,10,00:06:39,00:04:46
98003,11,00:03:36,00:03:56
98003,12,00:04:37,00:04:00
98003,13,00:08:19,00:05:49
98003,14,00:04:43,00:04:26
98003,15,00:04:14,00:04:21
98003,16,00:07:07,00:07:35
98003,17,00:09:11,00:08:26
98003,18,00:05:07,00:04:43
98003,19,00:04:30,00:03:55
98003,20,00:03:30,00:04:20
98003,21,00:03:36,00:04:49
98003,22,00:02:48,00:04:59
98003,23,00:02:06,00:05:00
98004,0,00:00:58,00:03:14
98004,4,00:01:23,00:02:10
98004,5,00:02:31,00:02:42
98004,6,00:02:23,00:02:37
98004,7,00:03:32,00:03:21
98004,8,00:03:02,00:03:14
98004,9,00:03:46,00:03:40
98004,10,00:03:10,00:03:42
98004,11,00:05:56,00:04:25
98004,12,00:04:24,00:04:00
98004,13,00:05:00,00:04:10
98004,14,00:03:37,00:03:53
98004,15,00:03:34,00:04:01
98004,16,00:04:20,00:04:27
98004,17,00:05:00,00:04:55
98004,18,00:05:45,00:05:22
98004,19,00:06:03,00:05:58
98004,20,00:04:30,00:04:06
98004,21,00:06:15,00:05:15
98004,22,00:02:59,00:03:12
98004,23,00:04:18,00:02:29
98005,0,00:00:06,00:03:33
98005,4,00:00:45,00:02:53
98005,5,00:01:47,00:02:10
98005,6,00:01:39,00:02:01
98005,7,00:02:39,00:03:06
98005,8,00:02:41,00:03:21
98005,9,00:04:11,00:03:51
98005,10,00:02:15,00:02:22
98005,11,00:04:24,00:03:10
98005,12,00:03:10,00:03:13
98005,13,00:04:24,00:04:35
98005,14,00:03:15,00:03:44
98005,15,00:03:05,00:03:31
98005,16,00:04:59,00:04:55
98005,17,00:05:13,00:05:08
98005,18,00:05:41,00:05:25
98005,19,00:05:02,00:04:02
98005,20,00:02:35,00:03:07
98005,21,00:02:47,00:02:57
98005,22,00:02:32,00:03:00
98005,23,00:05:00,00:02:58
98006,4,00:00:50,00:04:41
98006,5,00:01:44,00:01:32
98006,6,00:01:46,00:02:48
98006,7,00:02:57,00:03:08
98006,8,00:03:00,00:03:37
98006,9,00:04:41,00:04:38
98006,10,00:02:45,00:02:12
98006,11,00:07:11,00:04:29
98006,12,00:04:03,00:03:43
98006,13,00:03:49,00:03:55
98006,14,00:03:31,00:04:07
98006,15,00:04:39,00:04:37
98006,16,00:05:00,00:06:17
98006,17,00:06:05,00:06:19
98006,18,00:06:15,00:06:47
98006,19,00:05:16,00:04:42
98006,20,00:06:17,00:04:17
98006,21,00:04:51,00:03:32
98006,22,00:02:10,00:02:11
98006,23,00:01:24,00:01:21
98007,0,00:00:34,00:02:35
98007,4,00:00:44,00:02:56
98007,5,00:02:03,00:02:13
98007,6,00:01:25,00:02:05
98007,7,00:02:50,00:03:00
98007,8,00:03:23,00:03:42
98007,9,00:03:35,00:04:14
98007,10,00:02:19,00:02:16
98007,11,00:04:34,00:03:47
98007,12,00:05:19,00:03:39
98007,13,00:09:49,00:05:03
98007,14,00:03:40,00:03:57
98007,15,00:04:19,00:04:37
98007,16,00:04:42,00:04:47
98007,17,00:06:22,00:06:37
98007,18,00:05:21,00:04:57
98007,19,00:07:01,00:05:18
98007,20,00:03:28,00:03:21
98007,21,00:03:46,00:03:47
98007,22,00:02:36,00:03:01
98007,23,00:06:37,00:05:02
98008,0,,00:02:20
98008,5,00:01:04,00:01:00
98008,6,00:00:57,00:01:28
98008,7,00:04:50,00:03:46
98008,8,00:03:09,00:03:28
98008,9,00:03:30,00:04:20
98008,10,00:03:05,00:03:40
98008,11,00:04:28,00:03:49
98008,12,00:11:41,00:06:06
98008,13,00:16:54,00:08:04
98008,14,00:03:41,00:04:03
98008,15,00:05:00,00:05:56
98008,16,00:03:56,00:04:04
98008,17,00:06:55,00:06:41
98008,18,00:07:39,00:06:37
98008,19,00:06:49,00:04:52
98008,20,00:02:41,00:03:30
98008,21,00:07:04,00:05:20
98008,22,00:02:20,00:02:37
98008,23,00:08:24,00:07:26
98010,6,00:00:20,00:01:10
98010,7,00:02:22,00:03:43
98010,8,00:02:34,00:03:33
98010,9,00:01:44,00:01:51
98010,10,00:02:44,00:02:33
98010,11,00:02:51,00:03:21
98010,12,00:02:24,00:02:59
98010,13,00:01:07,00:01:33
98010,14,00:01:19,00:01:25
98010,15,00:02:10,00:03:13
98010,16,00:03:47,00:05:38
98010,17,00:05:26,00:06:38
98010,18,00:05:52,00:08:32
98010,19,00:01:15,00:01:38
98010,20,00:01:49,00:03:15
98010,21,00:00:03,00:00:16
98010,22,00:00:00,00:05:17
98011,0,00:00:00,00:01:19
98011,4,00:01:11,00:01:58
98011,5,00:01:06,00:01:19
98011,6,00:03:03,00:02:19
98011,7,00:02:37,00:02:37
98011,8,00:04:26,00:06:15
98011,9,00:04:42,00:06:40
98011,10,00:05:27,00:04:44
98011,11,00:08:27,00:04:49
98011,12,00:04:56,00:04:36
98011,13,00:04:14,00:04:51
98011,14,00:06:14,00:05:39
98011,15,00:05:58,00:06:59
98011,16,00:05:44,00:06:09
98011,17,00:04:26,00:04:18
98011,18,00:09:29,00:08:16
98011,19,00:04:47,00:05:30
98011,20,00:07:36,00:07:26
98011,21,00:03:13,00:04:01
98011,22,00:04:37,00:05:46
98011,23,00:05:34,00:07:51
98019,7,00:01:48,00:02:27
98019,9,00:00:29,00:02:11
98019,11,00:00:34,00:01:08
98019,12,00:00:34,00:01:56
98019,13,00:00:51,00:06:15
98019,14,00:02:26,00:04:13
98019,15,00:00:33,00:07:18
98019,16,00:04:34,00:08:47
98019,17,00:03:24,00:10:15
98019,18,00:05:50,00:10:35
98019,19,00:01:22,00:02:05
98021,14,,00:06:21
98021,15,00:04:21,00:03:44
98021,16,00:06:31,00:05:54
98022,5,00:00:00,00:00:06
98022,6,00:00:19,00:02:18
98022,7,00:00:49,00:02:41
98022,8,00:00:00,00:00:07
98022,16,00:00:45,00:03:35
98022,17,,00:00:57
98022,18,00:03:03,00:05:28
98023,5,00:00:44,00:01:09
98023,6,00:04:53,00:04:04
98023,7,00:05:13,00:03:20
98023,8,00:03:15,00:02:35
98023,9,00:01:13,00:02:11
98023,10,00:08:07,00:05:13
98023,11,00:02:57,00:03:20
98023,12,00:02:23,00:02:46
98023,13,00:02:47,00:03:27
98023,14,00:02:34,00:03:14
98023,15,00:02:37,00:03:14
98023,16,00:06:22,00:06:49
98023,17,00:05:06,00:04:31
98023,18,00:05:45,00:04:36
98023,19,00:07:16,00:03:46
98023,20,00:02:15,00:02:31
98023,21,00:02:16,00:03:58
98023,22,00:00:00,00:04:36
98023,23,00:00:09,00:02:35
98026,7,00:00:49,00:01:06
98026,8,00:01:11,00:02:49
98026,9,00:01:06,00:00:49
98026,10,00:00:04,00:00:46
98026,11,00:01:07,00:02:04
98026,12,00:08:24,00:12:32
98026,13,00:05:05,00:04:19
98026,14,00:01:36,00:01:23
98026,15,,00:00:55
98026,16,00:07:12,00:07:21
98026,17,00:04:00,00:05:30
98026,18,,00:01:06
98026,19,,00:05:13
98027,4,,00:01:02
98027,5,00:01:07,00:02:58
98027,6,00:02:04,00:02:47
98027,7,00:03:01,00:03:23
98027,8,00:04:26,00:05:02
98027,9,00:06:42,00:04:55
98027,10,00:06:00,00:03:11
98027,11,00:03:00,00:03:09
98027,12,00:04:45,00:04:51
98027,13,00:03:47,00:04:24
98027,14,00:06:07,00:06:04
98027,15,00:06:48,00:08:04
98027,16,00:07:18,00:08:33
98027,17,00:06:58,00:06:49
98027,18,00:05:33,00:05:46
98027,19,00:05:55,00:06:06
98027,20,00:08:52,00:07:47
98027,21,00:08:32,00:03:41
98027,22,00:03:10,00:03:52
98027,23,00:01:55,00:02:20
98028,4,00:00:26,00:01:40
98028,5,00:00:45,00:01:30
98028,6,00:03:11,00:02:27
98028,7,00:02:27,00:02:40
98028,8,00:02:46,00:03:43
98028,9,00:03:54,00:04:17
98028,10,00:04:56,00:04:11
98028,11,00:03:17,00:04:38
98028,12,00:05:10,00:04:37
98028,13,00:04:55,00:05:40
98028,14,00:04:40,00:05:14
98028,15,00:03:50,00:04:41
98028,16,00:05:10,00:06:18
98028,17,00:06:00,00:07:01
98028,18,00:05:57,00:06:17
98028,19,00:04:24,00:06:50
98028,20,00:05:54,00:06:38
98028,21,00:04:31,00:03:13
98028,22,00:04:16,00:04:44
98028,23,00:05:41,00:05:21
98029,5,00:01:06,00:02:21
98029,6,00:01:16,00:01:34
98029,7,00:01:39,00:02:19
98029,8,00:01:45,00:01:36
98029,9,00:01:25,00:02:05
98029,12,00:00:13,00:00:39
98029,13,00:00:00,00:00:05
98029,14,00:00:00,00:00:03
98029,15,00:00:00,00:06:56
98029,16,00:03:43,00:06:28
98029,17,00:03:44,00:08:03
98029,18,00:03:25,00:06:02
98029,19,00:05:28,00:06:10
98029,20,00:05:10,00:06:06
98029,23,00:02:58,00:05:16
98030,4,00:00:18,00:01:38
98030,5,00:01:55,00:01:31
98030,6,00:01:56,00:02:32
98030,7,00:02:05,00:01:56
98030,8,00:03:18,00:03:33
98030,9,00:01:55,00:02:16
98030,10,00:01:19,00:01:58
98030,11,00:01:27,00:01:52
98030,12,00:02:10,00:03:28
98030,13,00:01:53,00:02:31
98030,14,00:02:33,00:02:56
98030,15,00:02:42,00:03:38
98030,16,00:04:56,00:06:39
98030,17,00:06:55,00:06:22
98030,18,00:06:58,00:06:45
98030,19,00:03:33,00:05:07
98030,20,00:02:17,00:03:02
98030,21,00:03:03,00:03:39
98030,22,00:03:03,00:03:02
98030,23,00:02:31,00:03:03
98031,4,00:00:21,00:01:23
98031,5,00:02:16,00:02:14
98031,6,00:01:52,00:03:07
98031,7,00:01:59,00:01:50
98031,8,00:03:40,00:03:48
98031,9,00:02:10,00:02:27
98031,10,00:01:17,00:02:00
98031,11,00:01:36,00:01:59
98031,12,00:02:19,00:03:24
98031,13,00:02:01,00:02:43
98031,14,00:02:21,00:03:13
98031,15,00:02:50,00:04:05
98031,16,00:06:37,00:07:48
98031,17,00:07:45,00:07:30
98031,18,00:05:38,00:07:07
98031,19,00:04:05,00:04:59
98031,20,00:02:35,00:03:10
98031,21,00:03:38,00:04:22
98031,22,00:03:03,00:03:15
98031,23,00:02:59,00:03:11
98032,0,00:02:55,00:04:01
98032,1,00:01:29,00:02:14
98032,2,00:01:31,00:02:19
98032,3,00:00:43,00:01:16
98032,4,00:06:01,00:02:54
98032,5,00:01:22,00:01:53
98032,6,00:01:51,00:02:35
98032,7,00:03:57,00:03:59
98032,8,00:05:54,00:05:00
98032,9,00:04:42,00:04:42
98032,10,00:03:07,00:03:20
98032,11,00:04:28,00:04:00
98032,12,00:03:51,00:05:22
98032,13,00:04:09,00:04:45
98032,14,00:05:07,00:05:14
98032,15,00:04:31,00:05:04
98032,16,00:06:00,00:07:26
98032,17,00:06:38,00:07:16
98032,18,00:05:57,00:05:51
98032,19,00:04:05,00:04:51
98032,20,00:05:04,00:05:09
98032,21,00:03:46,00:04:44
98032,22,00:04:25,00:05:27
98032,23,00:02:40,00:03:35
98033,0,00:00:00,00:00:19
98033,4,00:01:10,00:04:09
98033,5,00:01:41,00:02:11
98033,6,00:01:37,00:01:51
98033,7,00:03:55,00:03:23
98033,8,00:03:48,00:04:40
98033,9,00:05:16,00:04:17
98033,10,00:03:12,00:03:20
98033,11,00:05:52,00:04:16
98033,12,00:03:48,00:04:09
98033,13,00:05:15,00:04:42
98033,14,00:03:41,00:03:35
98033,15,00:05:11,00:04:43
98033,16,00:04:37,00:05:04
98033,17,00:04:32,00:04:54
98033,18,00:06:07,00:06:19
98033,19,00:07:48,00:06:35
98033,20,00:05:09,00:04:21
98033,21,00:04:57,00:04:46
98033,22,00:03:40,00:04:24
98033,23,00:04:45,00:05:02
98034,0,00:00:22,00:01:08
98034,4,00:01:39,00:03:26
98034,5,00:01:03,00:01:30
98034,6,00:02:33,00:02:13
98034,7,00:03:46,00:03:07
98034,8,00:04:22,00:04:31
98034,9,00:05:31,00:04:50
98034,10,00:03:20,00:03:07
98034,11,00:05:49,00:04:10
98034,12,00:03:51,00:04:17
98034,13,00:05:36,00:05:42
98034,14,00:04:35,00:04:32
98034,15,00:05:36,00:06:37
98034,16,00:05:16,00:06:17
98034,17,00:05:53,00:05:46
98034,18,00:07:33,00:07:36
98034,19,00:07:50,00:06:42
98034,20,00:07:05,00:07:01
98034,21,00:06:54,00:05:21
98034,22,00:03:48,00:04:10
98034,23,00:05:38,00:05:54
98038,4,00:00:19,00:01:36
98038,5,00:00:25,00:00:40
98038,6,00:02:21,00:03:12
98038,7,00:01:56,00:02:55
98038,8,00:01:38,00:04:25
98038,9,00:00:40,00:03:33
98038,10,00:02:01,00:03:44
98038,11,00:01:19,00:02:21
98038,12,00:01:59,00:02:33
98038,13,00:01:20,00:03:19
98038,14,00:03:10,00:03:08
98038,15,00:01:25,00:03:47
98038,16,00:04:22,00:07:15
98038,17,00:04:39,00:08:41
98038,18,00:04:19,00:10:40
98038,19,00:03:34,00:05:57
98038,20,00:03:07,00:03:52
98038,21,00:02:04,00:03:14
98038,22,00:01:17,00:05:32
98038,23,00:01:17,00:05:30
98039,4,00:02:42,00:02:41
98039,5,00:01:22,00:01:55
98039,6,00:02:10,00:02:39
98039,7,00:02:20,00:03:11
98039,8,00:03:54,00:04:33
98039,9,00:03:10,00:03:59
98039,10,00:03:36,00:04:24
98039,11,00:02:29,00:03:00
98039,12,00:02:28,00:02:58
98039,13,00:02:02,00:02:41
98039,14,00:03:37,00:03:53
98039,15,00:03:17,00:04:30
98039,16,00:04:04,00:04:50
98039,17,00:03:50,00:05:04
98039,18,00:06:19,00:06:12
98039,19,00:06:04,00:05:32
98039,20,00:05:06,00:03:39
98039,21,00:04:07,00:04:38
98039,22,00:03:40,00:04:04
98039,23,00:06:04,00:04:43
98040,4,,00:01:02
98040,5,00:02:09,00:02:34
98040,6,00:03:40,00:07:33
98040,7,00:04:45,00:04:55
98040,8,00:04:21,00:09:34
98040,9,00:05:23,00:04:14
98040,10,00:08:25,00:05:48
98040,11,00:02:35,00:02:23
98040,12,00:03:00,00:03:34
98040,13,00:02:47,00:03:39
98040,14,00:04:07,00:09:02
98040,15,00:04:00,00:05:27
98040,16,00:05:05,00:05:05
98040,17,00:04:00,00:04:40
98040,18,00:06:29,00:03:59
98040,19,00:07:07,00:04:53
98040,20,00:07:38,00:06:02
98040,21,00:12:39,00:06:46
98040,22,00:05:18,00:04:26
98040,23,00:01:34,00:01:18
98042,4,00:00:21,00:01:40
98042,5,00:01:52,00:01:38
98042,6,00:01:58,00:02:39
98042,7,00:01:28,00:02:00
98042,8,00:01:38,00:03:26
98042,9,00:01:03,00:03:02
98042,10,00:01:33,00:02:52
98042,11,00:01:22,00:03:27
98042,12,00:01:42,00:02:48
98042,13,00:01:35,00:02:11
98042,14,00:03:07,00:02:50
98042,15,00:02:08,00:03:08
98042,16,00:05:34,00:07:41
98042,17,00:04:45,00:07:25
98042,18,00:06:41,00:08:37
98042,19,00:03:56,00:06:24
98042,20,00:02:40,00:03:53
98042,21,00:02:11,00:02:41
98042,22,00:01:43,00:04:14
98042,23,00:01:23,00:04:38
98043,6,00:00:00,00:00:25
98043,7,00:01:50,00:03:07
98043,8,00:00:51,00:01:32
98043,9,00:00:59,00:02:06
98043,10,00:01:34,00:03:17
98043,11,00:01:36,00:02:36
98043,12,00:01:18,00:02:02
98043,13,00:01:32,00:03:30
98043,14,00:05:26,00:05:33
98043,15,00:01:57,00:04:25
98043,16,00:04:03,00:05:09
98043,17,00:03:09,00:03:16
98043,18,00:04:24,00:06:23
98043,19,00:00:46,00:01:08
98043,20,00:01:11,00:01:50
98043,21,00:01:00,00:01:41
98043,22,00:00:12,00:01:28
98043,23,00:00:23,00:02:31
98045,5,00:01:08,00:01:13
98045,7,00:01:54,00:04:43
98045,8,00:00:24,00:02:59
98045,9,00:00:18,00:01:28
98045,10,00:01:13,00:01:47
98045,11,,00:00:54
98045,12,00:02:31,00:04:48
98045,14,00:02:28,00:04:53
98045,16,00:04:24,00:10:42
98045,17,00:00:00,00:12:57
98045,18,00:03:36,00:05:21
98045,19,00:03:24,00:05:16
98045,20,00:01:30,00:03:52
98045,21,00:12:09,00:10:23
98052,0,00:00:49,00:01:55
98052,4,00:01:29,00:01:48
98052,5,00:01:22,00:01:32
98052,6,00:02:36,00:02:17
98052,7,00:03:00,00:03:12
98052,8,00:04:13,00:04:23
98052,9,00:04:33,00:04:13
98052,10,00:02:39,00:02:58
98052,11,00:02:41,00:02:29
98052,12,00:11:23,00:05:14
98052,13,00:08:14,00:04:17
98052,14,00:03:13,00:03:37
98052,15,00:03:12,00:03:56
98052,16,00:03:17,00:04:01
98052,17,00:04:28,00:05:03
98052,18,00:04:44,00:05:10
98052,19,00:03:13,00:03:17
98052,20,00:03:51,00:03:36
98052,21,00:03:08,00:03:35
98052,22,00:03:12,00:03:14
98052,23,00:02:41,00:03:09
98053,5,00:00:59,00:00:55
98053,6,00:00:50,00:01:11
98053,7,00:01:15,00:01:41
98053,8,00:00:58,00:01:27
98053,9,00:00:47,00:01:42
98053,11,00:00:00,00:00:24
98053,12,00:00:00,00:02:30
98053,13,00:00:00,00:06:45
98053,14,00:02:23,00:04:18
98053,15,00:02:31,00:06:45
98053,16,00:03:31,00:05:16
98053,17,00:04:00,00:11:17
98053,18,00:04:00,00:06:49
98053,19,00:01:50,00:04:09
98055,4,00:00:09,00:01:05
98055,5,00:00:57,00:01:02
98055,6,00:01:32,00:02:08
98055,7,00:05:03,00:03:23
98055,8,00:03:00,00:03:45
98055,9,00:04:07,00:04:12
98055,10,00:01:34,00:02:18
98055,11,00:01:35,00:01:56
98055,12,00:03:11,00:04:26
98055,13,00:02:19,00:03:12
98055,14,00:02:16,00:04:09
98055,15,00:02:44,00:04:46
98055,16,00:04:29,00:05:05
98055,17,00:09:46,00:08:07
98055,18,00:05:59,00:06:09
98055,19,00:04:10,00:05:06
98055,20,00:02:42,00:03:29
98055,21,00:03:06,00:04:33
98055,22,00:03:20,00:04:11
98055,23,00:03:16,00:03:17
98056,4,00:00:49,00:02:03
98056,5,00:00:29,00:00:40
98056,6,00:02:36,00:02:44
98056,7,00:02:25,00:02:19
98056,8,00:05:14,00:04:31
98056,9,00:02:03,00:03:38
98056,10,00:07:04,00:04:01
98056,11,00:05:52,00:04:30
98056,12,00:01:41,00:02:11
98056,13,00:03:01,00:04:06
98056,14,00:05:40,00:04:38
98056,15,00:03:29,00:03:39
98056,16,00:03:32,00:05:56
98056,17,00:05:48,00:07:05
98056,18,00:05:46,00:05:48
98056,19,00:06:23,00:06:22
98056,20,00:06:05,00:04:12
98056,21,00:01:51,00:02:21
98056,22,00:03:50,00:03:17
98056,23,00:06:03,00:03:35
98057,0,00:01:12,00:01:19
98057,1,00:00:08,00:02:44
98057,4,00:00:31,00:01:20
98057,5,00:01:17,00:01:23
98057,6,00:02:51,00:02:44
98057,7,00:03:36,00:03:03
98057,8,00:05:55,00:05:01
98057,9,00:04:19,00:03:52
98057,10,00:04:56,00:03:13
98057,11,00:04:03,00:03:05
98057,12,00:03:43,00:03:50
98057,13,00:03:20,00:03:38
98057,14,00:05:28,00:04:44
98057,15,00:05:11,00:05:09
98057,16,00:04:38,00:04:48
98057,17,00:06:08,00:05:39
98057,18,00:06:23,00:05:53
98057,19,00:06:25,00:05:38
98057,20,00:07:10,00:05:08
98057,21,00:06:29,00:04:16
98057,22,00:04:05,00:04:26
98057,23,00:05:37,00:04:24
98058,5,00:00:13,00:00:40
98058,6,00:01:18,00:01:34
98058,7,00:02:33,00:02:36
98058,8,00:01:37,00:01:43
98058,9,00:06:20,00:04:24
98058,10,00:01:59,00:01:33
98058,11,00:01:25,00:02:51
98058,12,00:01:21,00:02:25
98058,13,00:01:46,00:03:03
98058,14,00:01:51,00:03:05
98058,15,00:02:58,00:03:48
98058,16,00:03:33,00:05:19
98058,17,00:05:47,00:07:49
98058,18,00:10:07,00:09:28
98058,19,00:07:15,00:10:52
98058,20,00:00:56,00:03:54
98058,21,00:00:51,00:02:17
98059,4,00:00:27,00:01:53
98059,5,00:00:22,00:01:07
98059,6,00:01:42,00:02:52
98059,7,00:01:32,00:01:52
98059,8,00:07:05,00:04:53
98059,9,00:01:36,00:02:55
98059,10,00:10:25,00:06:06
98059,11,00:05:57,00:04:11
98059,12,00:01:35,00:02:13
98059,13,00:02:41,00:03:25
98059,14,00:03:39,00:04:04
98059,15,00:03:25,00:03:41
98059,16,00:03:09,00:05:43
98059,17,00:06:35,00:08:10
98059,18,00:06:25,00:08:18
98059,19,00:04:04,00:05:38
98059,20,00:08:10,00:05:50
98059,21,00:01:26,00:02:08
98059,22,00:02:48,00:02:32
98059,23,00:04:32,00:02:23
98065,5,00:00:46,00:02:39
98065,6,00:00:00,00:01:13
98065,7,00:01:46,00:03:26
98065,8,00:00:12,00:02:37
98065,9,00:00:16,00:01:39
98065,10,00:00:48,00:00:57
98065,11,00:00:05,00:01:12
98065,12,00:03:13,00:04:44
98065,14,00:02:58,00:04:54
98065,15,00:00:00,00:17:53
98065,16,00:04:25,00:11:13
98065,17,00:02:25,00:11:17
98065,18,00:03:49,00:06:35
98065,19,00:00:00,00:08:01
98065,20,00:01:23,00:02:49
98065,21,00:00:38,00:06:00
98070,4,00:00:20,00:02:59
98070,5,00:03:46,00:06:53
98070,6,00:14:26,00:11:21
98070,7,00:04:27,00:02:07
98070,8,00:04:29,00:02:09
98070,9,00:01:02,00:01:31
98070,10,00:00:33,00:01:01
98070,11,00:00:52,00:01:41
98070,12,00:09:52,00:08:04
98070,13,00:01:03,00:02:22
98070,14,00:03:03,00:10:01
98070,15,00:02:55,00:03:48
98070,16,00:02:35,00:02:35
98070,17,00:08:54,00:05:54
98070,18,00:12:10,00:09:42
98070,19,00:03:40,00:04:17
98070,20,00:06:34,00:04:33
98070,21,00:00:49,00:01:45
98072,0,00:00:00,00:01:19
98072,5,00:00:15,00:00:45
98072,6,00:06:10,00:04:29
98072,7,00:02:44,00:02:53
98072,8,00:04:27,00:06:22
98072,9,00:04:10,00:05:32
98072,10,00:06:12,00:06:59
98072,11,00:10:15,00:06:10
98072,12,00:06:20,00:06:00
98072,13,00:04:46,00:06:07
98072,14,00:07:18,00:07:47
98072,15,00:06:48,00:09:09
98072,16,00:05:29,00:07:35
98072,17,00:05:42,00:05:26
98072,18,00:07:14,00:07:15
98072,19,00:05:04,00:05:08
98072,20,00:08:07,00:07:41
98072,21,00:03:42,00:04:35
98072,22,00:05:11,00:06:28
98072,23,00:05:45,00:07:38
98074,5,00:00:51,00:02:08
98074,6,00:00:53,00:01:55
98074,7,00:01:05,00:01:52
98074,8,00:01:14,00:01:31
98074,9,00:01:22,00:01:46
98074,15,00:02:40,00:04:54
98074,16,00:03:49,00:04:43
98074,17,00:04:00,00:08:33
98074,18,00:03:52,00:06:33
98074,19,00:01:55,00:03:33
98074,20,00:05:34,00:07:21
98074,23,00:00:00,00:08:31
98075,5,00:00:54,00:02:21
98075,6,00:00:54,00:01:36
98075,7,00:01:32,00:02:20
98075,8,00:02:28,00:02:23
98075,9,00:01:30,00:01:54
98075,15,00:02:22,00:04:29
98075,16,00:03:53,00:05:27
98075,17,00:03:25,00:08:18
98075,18,00:04:30,00:06:24
98075,19,00:02:42,00:03:55
98075,20,00:04:01,00:03:01
98075,23,,00:08:31
98077,5,00:00:00,00:00:53
98077,7,00:00:00,00:00:11
98077,15,,00:01:22
98077,16,00:02:05,00:06:40
98077,17,00:00:00,00:04:00
98077,18,00:06:53,00:08:24
98077,19,00:00:00,00:03:10
98087,6,00:00:50,00:00:58
98087,16,00:01:12,00:09:08
98092,5,00:01:06,00:02:00
98092,6,00:00:47,00:02:19
98092,7,00:02:12,00:02:05
98092,8,00:03:01,00:03:12
98092,9,00:01:29,00:01:29
98092,10,00:01:26,00:02:12
98092,11,00:01:40,00:02:00
98092,12,00:01:18,00:01:58
98092,13,00:01:13,00:01:58
98092,14,00:02:12,00:03:26
98092,15,00:02:14,00:03:33
98092,16,00:02:01,00:02:31
98092,17,00:07:55,00:05:45
98092,18,00:02:29,00:03:13
98092,19,00:00:46,00:01:18
98092,20,00:03:21,00:03:43
98092,21,00:01:27,00:01:46
98092,22,00:02:00,00:01:54
98101,0,00:03:19,00:03:19
98101,1,00:02:49,00:02:58
98101,2,00:03:27,00:03:53
98101,3,00:01:39,00:02:41
98101,4,00:03:47,00:03:34
98101,5,00:02:00,00:02:05
98101,6,00:02:58,00:03:13
98101,7,00:03:57,00:04:23
98101,8,00:04:28,00:04:53
98101,9,00:04:03,00:04:01
98101,10,00:03:48,00:04:01
98101,11,00:04:33,00:04:11
98101,12,00:04:41,00:04:13
98101,13,00:05:17,00:04:23
98101,14,00:03:59,00:04:10
98101,15,00:05:54,00:05:17
98101,16,00:05:14,00:05:19
98101,17,00:05:23,00:05:22
98101,18,00:08:35,00:06:38
98101,19,00:07:13,00:06:03
98101,20,00:05:29,00:04:49
98101,21,00:05:30,00:05:05
98101,22,00:05:58,00:05:17
98101,23,00:05:25,00:04:30
98102,0,00:05:36,00:04:06
98102,1,00:03:18,00:03:31
98102,2,00:01:55,00:02:11
98102,3,00:01:13,00:02:18
98102,4,00:05:14,00:05:47
98102,5,00:01:42,00:01:21
98102,6,00:03:37,00:02:55
98102,7,00:04:29,00:05:02
98102,8,00:05:00,00:05:23
98102,9,00:05:01,00:04:02
98102,10,00:02:40,00:03:24
98102,11,00:05:55,00:04:35
98102,12,00:03:32,00:03:51
98102,13,00:03:42,00:03:58
98102,14,00:04:47,00:04:50
98102,15,00:07:47,00:06:53
98102,16,00:07:04,00:06:56
98102,17,00:04:40,00:05:16
98102,18,00:07:24,00:07:21
98102,19,00:07:38,00:07:07
98102,20,00:06:49,00:06:33
98102,21,00:05:44,00:06:11
98102,22,00:05:54,00:06:19
98102,23,00:04:17,00:04:14
98103,0,00:02:45,00:02:59
98103,1,00:03:13,00:03:01
98103,2,00:01:31,00:01:57
98103,3,00:01:21,00:02:05
98103,4,00:00:53,00:02:15
98103,5,00:01:40,00:01:40
98103,6,00:03:50,00:02:41
98103,7,00:04:03,00:03:31
98103,8,00:05:50,00:05:04
98103,9,00:05:43,00:05:07
98103,10,00:06:41,00:04:35
98103,11,00:05:34,00:04:42
98103,12,00:03:51,00:03:58
98103,13,00:04:45,00:04:25
98103,14,00:05:41,00:04:32
98103,15,00:04:03,00:04:30
98103,16,00:04:27,00:04:30
98103,17,00:05:31,00:05:48
98103,18,00:08:15,00:07:22
98103,19,00:05:34,00:05:08
98103,20,00:05:38,00:04:55
98103,21,00:05:27,00:05:07
98103,22,00:06:42,00:05:42
98103,23,00:04:44,00:04:36
98104,0,00:03:56,00:03:18
98104,1,00:01:45,00:02:13
98104,2,00:02:10,00:02:40
98104,3,00:02:00,00:02:22
98104,4,00:03:28,00:03:58
98104,5,00:02:03,00:02:12
98104,6,00:02:46,00:03:15
98104,7,00:03:56,00:04:20
98104,8,00:04:30,00:04:52
98104,9,00:04:31,00:04:24
98104,10,00:03:41,00:03:39
98104,11,00:04:50,00:04:10
98104,12,00:04:25,00:04:12
98104,13,00:04:05,00:04:17
98104,14,00:03:48,00:04:02
98104,15,00:04:49,00:04:36
98104,16,00:04:33,00:05:03
98104,17,00:04:47,00:05:05
98104,18,00:11:30,00:07:00
98104,19,00:06:24,00:05:19
98104,20,00:05:13,00:04:39
98104,21,00:05:07,00:04:59
98104,22,00:05:49,00:04:59
98104,23,00:05:14,00:04:28
98105,0,00:03:24,00:03:05
98105,1,00:02:56,00:03:17
98105,2,00:02:29,00:02:58
98105,3,00:00:51,00:02:33
98105,4,00:05:11,00:08:10
98105,5,00:01:21,00:01:06
98105,6,00:03:54,00:02:55
98105,7,00:03:47,00:03:38
98105,8,00:04:10,00:04:23
98105,9,00:03:47,00:04:10
98105,10,00:04:52,00:04:15
98105,11,00:06:42,00:04:34
98105,12,00:06:07,00:04:37
98105,13,00:03:56,00:03:48
98105,14,00:03:32,00:03:46
98105,15,00:04:27,00:04:26
98105,16,00:06:09,00:05:17
98105,17,00:06:04,00:05:38
98105,18,00:07:45,00:07:28
98105,19,00:06:51,00:06:24
98105,20,00:06:47,00:05:35
98105,21,00:05:14,00:04:56
98105,22,00:06:42,00:05:58
98105,23,00:04:57,00:04:21
98106,0,00:02:06,00:02:19
98106,1,00:01:16,00:03:59
98106,2,00:00:51,00:08:46
98106,5,00:01:39,00:01:16
98106,6,00:04:13,00:03:20
98106,7,00:05:40,00:04:03
98106,8,00:03:57,00:03:48
98106,9,00:03:43,00:04:25
98106,10,00:02:47,00:03:01
98106,11,00:03:21,00:03:44
98106,12,00:03:27,00:04:27
98106,13,00:04:59,00:04:48
98106,14,00:05:03,00:04:37
98106,15,00:04:33,00:04:39
98106,16,00:04:32,00:04:55
98106,17,00:05:13,00:05:18
98106,18,00:04:44,00:04:35
98106,19,00:03:18,00:03:57
98106,20,00:04:48,00:04:22
98106,21,00:03:48,00:04:34
98106,22,00:03:37,00:05:00
98106,23,00:04:52,00:03:23
98107,0,00:01:46,00:02:51
98107,1,00:01:53,00:03:30
98107,2,00:02:10,00:03:09
98107,3,00:00:40,00:02:09
98107,4,00:03:19,00:04:51
98107,5,00:01:14,00:01:17
98107,6,00:04:40,00:03:47
98107,7,00:03:59,00:03:29
98107,8,00:04:52,00:04:37
98107,9,00:05:07,00:04:29
98107,10,00:06:06,00:04:59
98107,11,00:05:54,00:04:38
98107,12,00:06:50,00:05:15
98107,13,00:06:02,00:04:51
98107,14,00:04:58,00:04:31
98107,15,00:04:11,00:04:37
98107,16,00:06:57,00:05:25
98107,17,00:04:01,00:04:17
98107,18,00:08:15,00:07:00
98107,19,00:06:12,00:05:52
98107,20,00:06:35,00:05:54
98107,21,00:06:00,00:05:37
98107,22,00:08:47,00:07:16
98107,23,00:07:57,00:06:04
98108,0,00:01:44,00:02:19
98108,1,00:02:03,00:02:03
98108,2,00:01:20,00:01:52
98108,4,00:00:52,00:03:21
98108,5,00:01:42,00:02:29
98108,6,00:03:03,00:03:04
98108,7,00:04:00,00:04:06
98108,8,00:05:01,00:05:16
98108,9,00:04:29,00:04:31
98108,10,00:06:04,00:04:47
98108,11,00:05:09,00:05:13
98108,12,00:04:00,00:04:30
98108,13,00:05:57,00:05:09
98108,14,00:06:46,00:05:21
98108,15,00:05:28,00:04:38
98108,16,00:06:01,00:05:50
98108,17,00:05:21,00:05:27
98108,18,00:05:33,00:05:35
98108,19,00:04:35,00:05:21
98108,20,00:04:22,00:04:56
98108,21,00:04:37,00:05:37
98108,22,00:04:55,00:05:25
98108,23,00:03:55,00:04:09
98109,0,00:05:08,00:03:58
98109,1,00:01:49,00:03:04
98109,2,00:01:34,00:02:27
98109,3,00:00:57,00:02:05
98109,4,00:03:50,00:03:31
98109,5,00:02:17,00:01:58
98109,6,00:03:27,00:03:20
98109,7,00:03:52,00:03:52
98109,8,00:04:07,00:04:39
98109,9,00:04:24,00:04:31
98109,10,00:05:24,00:04:45
98109,11,00:04:40,00:04:22
98109,12,00:05:57,00:05:13
98109,13,00:04:35,00:04:26
98109,14,00:04:22,00:04:35
98109,15,00:04:16,00:04:32
98109,16,00:05:27,00:05:22
98109,17,00:04:53,00:04:59
98109,18,00:07:07,00:07:01
98109,19,00:06:05,00:05:18
98109,20,00:04:31,00:04:42
98109,21,00:05:05,00:05:05
98109,22,00:06:41,00:05:35
98109,23,00:05:57,00:04:41
98112,0,00:03:12,00:03:40
98112,1,00:03:38,00:03:58
98112,2,00:01:49,00:02:36
98112,3,00:00:33,00:01:41
98112,4,00:00:05,00:00:51
98112,5,00:02:19,00:01:45
98112,6,00:02:15,00:02:19
98112,7,00:02:57,00:03:20
98112,8,00:03:52,00:04:43
98112,9,00:03:54,00:04:05
98112,10,00:03:36,00:03:28
98112,11,00:04:50,00:03:59
98112,12,00:04:48,00:04:34
98112,13,00:07:03,00:05:18
98112,14,00:03:25,00:04:05
98112,15,00:05:32,00:05:05
98112,16,00:04:54,00:05:33
98112,17,00:04:43,00:05:05
98112,18,00:06:48,00:06:48
98112,19,00:04:47,00:05:42
98112,20,00:04:11,00:04:38
98112,21,00:06:39,00:06:33
98112,22,00:04:04,00:05:13
98112,23,00:04:34,00:04:15
98115,0,00:04:32,00:03:30
98115,1,00:01:33,00:01:55
98115,2,00:02:20,00:02:41
98115,3,00:00:53,00:02:03
98115,4,00:05:14,00:09:16
98115,5,00:00:51,00:00:57
98115,6,00:04:17,00:03:00
98115,7,00:05:36,00:04:07
98115,8,00:04:59,00:04:38
98115,9,00:04:24,00:04:57
98115,10,00:05:54,00:05:03
98115,11,00:05:57,00:04:29
98115,12,00:05:37,00:04:33
98115,13,00:04:21,00:04:24
98115,14,00:04:34,00:04:01
98115,15,00:04:09,00:03:59
98115,16,00:04:40,00:04:44
98115,17,00:06:51,00:06:23
98115,18,00:06:57,00:07:09
98115,19,00:08:02,00:07:48
98115,20,00:07:57,00:06:56
98115,21,00:05:38,00:06:04
98115,22,00:07:04,00:07:09
98115,23,00:04:49,00:04:06
98116,0,00:01:28,00:01:08
98116,1,00:01:30,00:01:25
98116,2,00:02:06,00:02:16
98116,3,00:01:28,00:02:07
98116,4,00:04:19,00:04:46
98116,5,00:00:48,00:01:19
98116,6,00:02:45,00:02:44
98116,7,00:04:16,00:04:22
98116,8,00:04:58,00:05:02
98116,9,00:04:18,00:05:18
98116,10,00:03:45,00:04:20
98116,11,00:04:59,00:05:14
98116,12,00:04:07,00:04:56
98116,13,00:15:40,00:07:46
98116,14,00:03:19,00:03:21
98116,15,00:03:14,00:04:43
98116,16,00:04:27,00:05:30
98116,17,00:04:14,00:04:29
98116,18,00:04:12,00:04:51
98116,19,00:03:06,00:04:00
98116,20,00:04:01,00:04:12
98116,21,00:02:16,00:03:22
98116,22,00:04:35,00:05:42
98116,23,00:01:42,00:02:34
98117,0,00:02:06,00:03:23
98117,1,00:00:35,00:02:31
98117,2,00:01:04,00:02:32
98117,3,00:00:35,00:02:02
98117,4,00:04:00,00:06:15
98117,5,00:01:34,00:01:53
98117,6,00:05:36,00:04:35
98117,7,00:04:39,00:04:15
98117,8,00:05:23,00:05:42
98117,9,00:05:51,00:06:01
98117,10,00:06:55,00:06:17
98117,11,00:06:12,00:04:54
98117,12,00:07:15,00:06:04
98117,13,00:06:20,00:05:44
98117,14,00:06:30,00:06:04
98117,15,00:06:00,00:06:13
98117,16,00:06:47,00:06:02
98117,17,00:04:58,00:05:51
98117,18,00:10:59,00:10:10
98117,19,00:06:08,00:06:28
98117,20,00:06:51,00:06:49
98117,21,00:06:44,00:06:22
98117,22,00:08:41,00:07:03
98117,23,00:07:56,00:05:44
98118,0,00:02:31,00:01:47
98118,1,00:00:52,00:01:46
98118,2,00:01:28,00:01:19
98118,3,00:01:25,00:02:03
98118,4,00:01:33,00:02:14
98118,5,00:01:39,00:01:58
98118,6,00:02:29,00:02:45
98118,7,00:05:02,00:05:03
98118,8,00:05:46,00:05:40
98118,9,00:06:34,00:06:03
98118,10,00:07:26,00:06:10
98118,11,00:05:32,00:04:53
98118,12,00:05:25,00:05:47
98118,13,00:05:53,00:05:28
98118,14,00:08:24,00:06:52
98118,15,00:06:43,00:06:17
98118,16,00:07:47,00:07:22
98118,17,00:06:01,00:07:04
98118,18,00:06:58,00:07:45
98118,19,00:06:05,00:06:41
98118,20,00:05:42,00:05:32
98118,21,00:07:58,00:07:42
98118,22,00:06:10,00:08:06
98118,23,00:03:57,00:04:06
98119,0,00:01:24,00:02:45
98119,1,00:01:26,00:03:03
98119,2,00:01:36,00:02:16
98119,3,00:00:37,00:02:32
98119,4,00:02:58,00:02:29
98119,5,00:01:25,00:01:47
98119,6,00:02:49,00:03:17
98119,7,00:02:49,00:03:31
98119,8,00:03:50,00:04:26
98119,9,00:04:46,00:04:45
98119,10,00:03:15,00:04:24
98119,11,00:04:04,00:04:16
98119,12,00:02:47,00:03:42
98119,13,00:02:55,00:03:50
98119,14,00:04:04,00:04:57
98119,15,00:03:43,00:04:31
98119,16,00:04:14,00:04:46
98119,17,00:05:08,00:04:48
98119,18,00:07:05,00:08:07
98119,19,00:04:44,00:05:13
98119,20,00:03:57,00:04:20
98119,21,00:03:36,00:04:10
98119,22,00:03:31,00:04:10
98119,23,00:04:52,00:04:30
98121,0,00:04:34,00:03:28
98121,1,00:01:12,00:02:39
98121,2,00:06:11,00:05:50
98121,3,00:01:17,00:02:23
98121,4,00:03:43,00:02:38
98121,5,00:02:19,00:02:19
98121,6,00:03:20,00:03:37
98121,7,00:03:36,00:03:43
98121,8,00:04:43,00:05:01
98121,9,00:03:54,00:04:07
98121,10,00:04:44,00:04:14
98121,11,00:04:23,00:04:06
98121,12,00:03:27,00:04:05
98121,13,00:03:41,00:03:51
98121,14,00:03:31,00:04:16
98121,15,00:04:28,00:04:23
98121,16,00:05:00,00:04:32
98121,17,00:05:15,00:05:08
98121,18,00:07:11,00:07:14
98121,19,00:05:44,00:05:07
98121,20,00:04:19,00:04:26
98121,21,00:04:25,00:04:42
98121,22,00:05:57,00:04:59
98121,23,00:05:09,00:04:05
98122,0,00:03:57,00:04:16
98122,1,00:02:24,00:02:32
98122,2,00:01:40,00:02:17
98122,3,00:01:38,00:02:09
98122,4,00:00:09,00:00:46
98122,5,00:01:28,00:01:03
98122,6,00:02:38,00:02:41
98122,7,00:03:03,00:03:42
98122,8,00:04:18,00:04:52
98122,9,00:04:54,00:04:11
98122,10,00:02:42,00:02:59
98122,11,00:04:13,00:04:01
98122,12,00:04:10,00:04:21
98122,13,00:06:00,00:05:02
98122,14,00:03:54,00:03:58
98122,15,00:05:53,00:05:26
98122,16,00:05:45,00:05:49
98122,17,00:05:10,00:05:12
98122,18,00:05:40,00:05:54
98122,19,00:04:58,00:05:26
98122,20,00:04:42,00:05:02
98122,21,00:05:14,00:05:09
98122,22,00:04:06,00:04:47
98122,23,00:03:52,00:03:55
98125,0,00:02:45,00:03:29
98125,1,00:05:33,00:06:32
98125,2,,00:06:20
98125,4,00:00:00,00:01:15
98125,5,00:01:16,00:01:19
98125,6,00:05:26,00:03:09
98125,7,00:04:32,00:03:46
98125,8,00:05:51,00:05:14
98125,9,00:05:00,00:05:21
98125,10,00:06:52,00:05:42
98125,11,00:07:47,00:06:15
98125,12,00:06:21,00:05:07
98125,13,00:04:36,00:04:45
98125,14,00:05:42,00:05:16
98125,15,00:04:32,00:04:13
98125,16,00:04:35,00:04:49
98125,17,00:06:29,00:06:17
98125,18,00:05:29,00:06:14
98125,19,00:06:12,00:07:44
98125,20,00:06:34,00:05:55
98125,21,00:06:36,00:06:53
98125,22,00:05:38,00:06:11
98125,23,00:06:00,00:05:14
98126,0,00:01:20,00:01:15
98126,1,00:00:30,00:03:16
98126,2,00:01:37,00:02:22
98126,3,00:01:01,00:02:09
98126,4,00:04:00,00:05:14
98126,5,00:00:49,00:01:40
98126,6,00:02:05,00:01:46
98126,7,00:03:04,00:02:43
98126,8,00:03:32,00:03:57
98126,9,00:05:13,00:05:20
98126,10,00:04:04,00:04:35
98126,11,00:05:10,00:04:32
98126,12,00:03:43,00:03:39
98126,13,00:06:16,00:04:52
98126,14,00:05:23,00:04:34
98126,15,00:04:02,00:04:31
98126,16,00:03:46,00:04:56
98126,17,00:04:22,00:05:36
98126,18,00:05:30,00:05:33
98126,19,00:04:35,00:04:51
98126,20,00:04:05,00:04:28
98126,21,00:02:40,00:03:14
98126,22,00:04:32,00:05:16
98126,23,00:03:36,00:03:14
98133,0,00:02:34,00:02:59
98133,1,00:01:30,00:02:48
98133,2,00:00:43,00:03:14
98133,3,00:00:56,00:03:47
98133,4,00:03:14,00:02:53
98133,5,00:01:29,00:02:00
98133,6,00:03:10,00:02:30
98133,7,00:03:03,00:02:55
98133,8,00:04:31,00:04:14
98133,9,00:05:07,00:04:47
98133,10,00:04:48,00:03:07
98133,11,00:04:08,00:03:34
98133,12,00:04:46,00:04:58
98133,13,00:04:14,00:04:12
98133,14,00:05:03,00:04:18
98133,15,00:04:41,00:04:33
98133,16,00:04:50,00:05:25
98133,17,00:06:08,00:06:43
98133,18,00:06:00,00:06:33
98133,19,00:04:35,00:04:32
98133,20,00:05:05,00:04:16
98133,21,00:05:05,00:04:20
98133,22,00:04:53,00:04:35
98133,23,00:04:42,00:03:49
98134,0,00:01:17,00:01:54
98134,1,00:02:20,00:03:05
98134,2,00:00:41,00:01:49
98134,3,00:02:04,00:02:12
98134,4,00:02:41,00:04:29
98134,5,00:02:14,00:02:40
98134,6,00:03:01,00:03:39
98134,7,00:04:00,00:04:35
98134,8,00:05:10,00:05:22
98134,9,00:05:18,00:04:58
98134,10,00:04:00,00:03:57
98134,11,00:05:35,00:04:48
98134,12,00:05:24,00:04:49
98134,13,00:06:08,00:04:37
98134,14,00:05:22,00:05:00
98134,15,00:04:55,00:04:23
98134,16,00:04:54,00:05:18
98134,17,00:04:50,00:05:23
98134,18,00:05:22,00:05:49
98134,19,00:05:13,00:05:24
98134,20,00:04:47,00:04:29
98134,21,00:04:40,00:05:08
98134,22,00:04:26,00:05:06
98134,23,00:04:01,00:03:27
98136,0,00:02:15,00:03:16
98136,1,00:00:25,00:02:52
98136,2,00:01:42,00:02:26
98136,3,00:01:02,00:02:28
98136,4,00:04:18,00:04:47
98136,5,00:01:36,00:01:32
98136,6,00:02:31,00:02:32
98136,7,00:04:01,00:02:50
98136,8,00:03:13,00:03:37
98136,9,00:04:20,00:04:34
98136,10,00:03:31,00:04:03
98136,11,00:03:51,00:05:13
98136,12,00:03:43,00:04:13
98136,13,00:03:54,00:04:45
98136,14,00:04:33,00:04:58
98136,15,00:04:41,00:04:59
98136,16,00:03:01,00:03:33
98136,17,00:04:25,00:04:41
98136,18,00:03:45,00:03:56
98136,19,00:03:03,00:03:58
98136,20,00:05:41,00:05:16
98136,21,00:03:09,00:04:26
98136,22,00:04:20,00:06:13
98136,23,00:03:56,00:03:53
98144,0,00:04:07,00:03:25
98144,1,00:02:10,00:02:23
98144,2,00:01:35,00:02:00
98144,3,00:01:17,00:01:53
98144,4,00:01:46,00:02:31
98144,5,00:01:26,00:01:36
98144,6,00:03:11,00:02:34
98144,7,00:03:22,00:03:50
98144,8,00:04:33,00:04:33
98144,9,00:04:28,00:04:06
98144,10,00:04:17,00:03:43
98144,11,00:04:15,00:04:01
98144,12,00:03:50,00:04:07
98144,13,00:04:54,00:04:32
98144,14,00:04:34,00:04:26
98144,15,00:05:15,00:05:12
98144,16,00:06:27,00:05:51
98144,17,00:04:50,00:05:21
98144,18,00:05:45,00:05:55
98144,19,00:05:12,00:05:23
98144,20,00:04:47,00:04:54
98144,21,00:05:36,00:05:50
98144,22,00:04:48,00:05:11
98144,23,00:03:46,00:04:03
98146,0,00:02:16,00:02:58
98146,1,00:01:52,00:03:16
98146,2,00:01:13,00:06:06
98146,5,00:00:32,00:01:13
98146,6,00:03:44,00:03:27
98146,7,00:05:39,00:03:45
98146,8,00:04:18,00:04:01
98146,9,00:03:51,00:03:57
98146,10,00:01:31,00:02:32
98146,11,00:03:36,00:03:39
98146,12,00:03:10,00:04:08
98146,13,00:05:06,00:05:20
98146,14,00:05:09,00:04:09
98146,15,00:03:50,00:04:32
98146,16,00:04:07,00:03:58
98146,17,00:05:41,00:05:39
98146,18,00:04:58,00:04:09
98146,19,00:03:23,00:03:42
98146,20,00:02:53,00:03:34
98146,21,00:04:02,00:04:32
98146,22,00:03:23,00:04:56
98146,23,00:03:57,00:03:00
98148,0,00:01:40,00:02:26
98148,4,00:00:55,00:02:06
98148,5,00:00:54,00:01:38
98148,6,00:01:02,00:02:03
98148,7,00:02:52,00:03:15
98148,8,00:02:48,00:03:05
98148,9,00:02:32,00:03:51
98148,10,00:02:20,00:02:18
98148,11,00:02:54,00:02:53
98148,12,00:01:59,00:03:18
98148,13,00:03:59,00:04:46
98148,14,00:03:20,00:03:47
98148,15,00:03:56,00:04:37
98148,16,00:03:41,00:04:41
98148,17,00:05:04,00:05:20
98148,18,00:06:34,00:08:26
98148,19,00:03:39,00:04:26
98148,20,00:02:57,00:04:18
98148,21,00:05:10,00:05:14
98148,22,00:06:02,00:06:50
98148,23,00:03:34,00:05:19
98154,6,00:01:02,00:02:22
98154,7,00:00:53,00:01:28
98154,8,00:02:18,00:03:24
98154,9,00:04:13,00:05:09
98154,10,00:00:39,00:01:30
98154,11,00:00:56,00:01:29
98154,12,00:01:31,00:02:41
98154,13,00:03:04,00:03:03
98154,14,00:02:19,00:02:00
98154,15,00:00:59,00:01:33
98154,16,00:01:56,00:02:11
98154,17,00:00:34,00:01:06
98154,18,00:00:44,00:00:50
98154,19,00:01:45,00:03:55
98154,20,00:03:34,00:03:53
98154,21,00:00:59,00:03:00
98154,22,,00:01:49
98155,0,00:02:24,00:03:32
98155,1,00:00:19,00:05:55
98155,4,00:00:26,00:01:40
98155,5,00:00:53,00:01:06
98155,6,00:03:29,00:03:23
98155,7,00:02:29,00:02:30
98155,8,00:03:06,00:03:18
98155,9,00:03:48,00:03:35
98155,10,00:04:36,00:04:21
98155,11,00:06:47,00:04:16
98155,12,00:07:09,00:04:59
98155,13,00:04:13,00:03:39
98155,14,00:04:30,00:04:08
98155,15,00:03:55,00:03:58
98155,16,00:04:04,00:04:53
98155,17,00:05:57,00:05:42
98155,18,00:04:54,00:04:46
98155,19,00:04:02,00:04:16
98155,20,00:05:15,00:04:02
98155,21,00:04:26,00:03:27
98155,22,00:03:44,00:03:00
98155,23,00:04:09,00:03:20
98158,0,00:00:42,00:01:46
98158,4,00:00:26,00:01:32
98158,5,00:00:34,00:01:46
98158,6,00:01:48,00:02:50
98158,7,00:05:04,00:04:13
98158,8,00:04:09,00:03:47
98158,9,00:02:53,00:03:29
98158,10,00:04:35,00:03:43
98158,11,00:02:54,00:02:38
98158,12,00:03:07,00:03:49
98158,13,00:03:02,00:04:15
98158,14,00:04:13,00:04:48
98158,15,00:05:42,00:07:14
98158,16,00:06:48,00:05:23
98158,17,00:05:30,00:05:19
98158,18,00:03:19,00:02:50
98158,19,00:02:51,00:03:53
98158,20,00:03:43,00:04:20
98158,21,00:04:52,00:05:42
98158,22,00:04:16,00:04:54
98158,23,00:02:32,00:02:33
98164,15,00:01:18,00:03:18
98164,16,00:01:26,00:05:02
98164,17,,00:01:09
98164,18,,00:01:16
98164,23,,00:03:12
98166,0,00:01:55,00:03:02
98166,1,00:00:00,00:01:31
98166,2,00:01:15,00:04:36
98166,4,00:01:10,00:01:54
98166,5,00:01:02,00:01:17
98166,6,00:01:49,00:02:47
98166,7,00:03:03,00:03:34
98166,8,00:03:52,00:03:45
98166,9,00:03:17,00:03:40
98166,10,00:02:40,00:02:45
98166,11,00:04:11,00:04:00
98166,12,00:03:01,00:04:08
98166,13,00:05:14,00:06:02
98166,14,00:06:21,00:05:22
98166,15,00:04:25,00:04:56
98166,16,00:05:13,00:04:43
98166,17,00:04:50,00:04:34
98166,18,00:07:17,00:07:52
98166,19,00:03:09,00:03:49
98166,20,00:03:35,00:04:30
98166,21,00:04:44,00:05:35
98166,22,00:05:07,00:06:13
98166,23,00:03:15,00:04:12
98168,0,00:02:52,00:04:17
98168,1,00:03:21,00:03:21
98168,2,00:01:12,00:01:50
98168,3,00:01:33,00:02:30
98168,4,00:04:44,00:04:24
98168,5,00:01:40,00:02:23
98168,6,00:03:12,00:03:18
98168,7,00:03:58,00:04:19
98168,8,00:05:41,00:06:20
98168,9,00:04:09,00:05:07
98168,10,00:05:44,00:04:29
98168,11,00:05:59,00:06:39
98168,12,00:04:12,00:05:15
98168,13,00:06:07,00:06:14
98168,14,00:04:54,00:05:02
98168,15,00:04:28,00:05:16
98168,16,00:04:23,00:05:23
98168,17,00:06:16,00:06:24
98168,18,00:05:22,00:05:30
98168,19,00:04:46,00:06:01
98168,20,00:04:32,00:05:13
98168,21,00:05:15,00:06:01
98168,22,00:05:07,00:06:08
98168,23,00:03:53,00:03:49
98177,0,00:01:39,00:02:32
98177,1,00:01:07,00:02:30
98177,2,,00:01:44
98177,3,00:00:36,00:01:55
98177,4,,00:10:32
98177,5,00:01:36,00:01:56
98177,6,00:03:37,00:02:51
98177,7,00:04:04,00:04:02
98177,8,00:05:53,00:05:40
98177,9,00:06:04,00:05:32
98177,10,00:05:46,00:04:12
98177,11,00:04:26,00:04:17
98177,12,00:05:12,00:05:26
98177,13,00:05:32,00:05:13
98177,14,00:04:45,00:05:15
98177,15,00:05:06,00:05:11
98177,16,00:04:20,00:05:10
98177,17,00:05:26,00:06:45
98177,18,00:07:25,00:07:54
98177,19,00:04:41,00:05:47
98177,20,00:06:26,00:06:09
98177,21,00:05:49,00:05:40
98177,22,00:06:06,00:05:06
98177,23,00:06:50,00:05:36
98178,0,00:01:22,00:01:22
98178,1,00:00:25,00:02:41
98178,5,00:02:01,00:01:47
98178,6,00:01:19,00:02:05
98178,7,00:03:06,00:03:29
98178,8,00:06:08,00:05:00
98178,9,00:02:57,00:04:28
98178,10,00:03:24,00:04:01
98178,11,00:03:23,00:03:47
98178,12,00:04:20,00:05:14
98178,13,00:04:54,00:04:53
98178,14,00:07:41,00:07:10
98178,15,00:08:11,00:07:07
98178,16,00:04:52,00:04:25
98178,17,00:04:51,00:05:59
98178,18,00:07:07,00:07:20
98178,19,00:05:42,00:07:18
98178,20,00:07:56,00:05:29
98178,21,00:12:53,00:08:11
98178,22,00:04:06,00:04:46
98178,23,00:02:28,00:03:00
98181,1,,00:00:14
98181,3,00:00:34,00:03:35
98181,6,00:00:57,00:01:22
98181,7,00:03:52,00:05:03
98181,8,00:05:47,00:07:00
98181,9,00:02:58,00:03:40
98181,10,00:04:22,00:04:18
98181,11,00:03:56,00:04:54
98181,12,00:02:19,00:02:31
98181,13,00:00:24,00:01:40
98181,14,00:01:29,00:02:12
98181,15,00:03:09,00:02:15
98181,16,,00:08:49
98181,17,00:09:58,00:06:10
98181,18,00:04:05,00:03:25
98181,19,00:00:58,00:00:49
98181,20,00:03:28,00:03:03
98181,21,00:22:56,00:16:40
98181,23,00:00:00,00:00:51
98188,0,00:03:51,00:04:07
98188,1,00:01:31,00:02:22
98188,2,00:01:30,00:01:49
98188,3,00:01:19,00:01:44
98188,4,00:08:19,00:04:45
98188,5,00:01:13,00:01:59
98188,6,00:03:02,00:02:52
98188,7,00:04:08,00:03:38
98188,8,00:03:52,00:03:28
98188,9,00:04:33,00:03:51
98188,10,00:03:38,00:02:50
98188,11,00:04:51,00:03:55
98188,12,00:03:13,00:03:39
98188,13,00:04:07,00:04:07
98188,14,00:04:38,00:04:30
98188,15,00:04:30,00:04:34
98188,16,00:05:03,00:04:56
98188,17,00:05:52,00:05:21
98188,18,00:03:24,00:03:36
98188,19,00:04:06,00:03:51
98188,20,00:03:30,00:03:47
98188,21,00:04:08,00:04:38
98188,22,00:04:38,00:04:21
98188,23,00:02:19,00:02:53
98195,0,00:01:33,00:02:44
98195,1,00:04:12,00:04:55
98195,2,00:03:06,00:03:30
98195,5,00:01:20,00:01:06
98195,6,00:03:23,00:02:46
98195,7,00:02:54,00:03:21
98195,8,00:04:20,00:04:41
98195,9,00:03:29,00:03:53
98195,10,00:05:09,00:04:22
98195,11,00:08:11,00:05:24
98195,12,00:07:54,00:05:04
98195,13,00:04:00,00:03:44
98195,14,00:03:44,00:03:54
98195,15,00:04:43,00:04:38
98195,16,00:06:13,00:05:35
98195,17,00:05:42,00:05:25
98195,18,00:07:52,00:07:40
98195,19,00:06:02,00:06:26
98195,20,00:06:51,00:05:07
98195,21,00:04:35,00:04:35
98195,22,00:04:39,00:04:54
98195,23,00:06:06,00:04:43
98198,0,00:03:57,00:04:55
98198,1,00:01:43,00:02:55
98198,2,00:01:24,00:01:45
98198,3,00:00:49,00:01:24
98198,4,00:08:30,00:05:05
98198,5,00:01:05,00:02:01
98198,6,00:02:00,00:02:55
98198,7,00:01:53,00:03:00
98198,8,00:03:04,00:03:42
98198,9,00:01:44,00:02:24
98198,10,00:03:13,00:02:37
98198,11,00:02:21,00:02:29
98198,12,00:01:51,00:03:14
98198,13,00:02:59,00:03:48
98198,14,00:02:43,00:03:38
98198,15,00:03:16,00:04:15
98198,16,00:03:53,00:04:37
98198,17,00:06:10,00:06:15
98198,18,00:06:06,00:07:33
98198,19,00:04:15,00:04:17
98198,20,00:04:19,00:04:24
98198,21,00:04:18,00:04:18
98198,22,00:05:40,00:05:37
98198,23,00:01:37,00:05:22
98199,5,00:01:47,00:02:36
98199,6,00:03:26,00:04:21
98199,7,00:03:47,00:04:48
98199,8,00:04:27,00:04:47
98199,9,00:07:00,00:06:20
98199,10,00:04:38,00:04:00
98199,11,00:04:28,00:05:21
98199,12,00:03:24,00:04:05
98199,13,00:03:42,00:05:17
98199,14,00:04:02,00:06:35
98199,15,00:04:40,00:05:50
98199,16,00:05:17,00:06:01
98199,17,00:06:06,00:07:37
98199,18,00:05:28,00:05:42
98199,19,00:04:48,00:04:53
98199,20,00:04:04,00:04:04
98199,21,00:05:39,00:05:23
98199,22,00:06:02,00:06:19
98199,23,00:01:19,00:03:17
98203,5,00:02:33,00:03:20
98203,6,00:00:14,00:00:28
98203,7,00:00:00,00:03:23
98203,14,00:00:00,00:06:21
98203,15,00:04:50,00:04:26
98203,16,00:03:25,00:06:15
98204,5,00:02:18,00:03:35
98204,6,00:01:16,00:01:06
98204,7,00:00:00,00:03:23
98204,14,00:00:00,00:06:21
98204,15,00:04:12,00:06:32
98204,16,00:02:30,00:07:30
98208,16,,00:08:43
98275,5,00:02:54,00:03:49
98275,6,00:00:16,00:00:28
98275,7,,00:03:23
98275,14,,00:06:21
98275,15,00:05:56,00:04:26
98275,16,00:03:49,00:06:15
98422,7,00:03:37,00:03:28
98422,8,00:00:33,00:00:53
98422,9,00:08:33,00:05:43
98422,10,00:08:39,00:07:07
98422,11,00:02:50,00:02:54
98422,12,00:01:47,00:02:06
98422,13,00:00:35,00:00:53
98422,14,00:00:01,00:02:00
98422,15,00:01:36,00:02:03
98422,16,00:04:17,00:03:38
98422,17,00:00:52,00:04:51
98422,18,00:02:47,00:04:52
98422,19,00:00:49,00:01:01
